projectName,trainApproach,train_info,testReleaseDate,train_changes,test_changes,train_Bug_Per,test_Bug_Per,features_selected,classifier,featureSelector,recall,pf,gm,d2h,ifa,auc,brier
ajenti,RESAMPLE_150_25_25,50,1310727012,50,18,50.0,61.111111111111114,$la$sexp$lt$exp$ndev$entropy$nuc$ld$age$ns$Buggy,KNN,CFS,0.82,0.57,0.69,0.4240214991510261,0,0.6233766233766235,0.3333333333333333
ajenti,RESAMPLE_150_25_25,50,1310727012,50,18,50.0,61.111111111111114,$la$sexp$lt$exp$ndev$entropy$nuc$ld$age$ns$Buggy,DT,CFS,0.73,0.29,0.73,0.2792962749039813,0,0.7207792207792209,0.2777777777777778
ajenti,RESAMPLE_150_25_25,50,1310727012,50,18,50.0,61.111111111111114,$la$sexp$lt$exp$ndev$entropy$nuc$ld$age$ns$Buggy,LR,CFS,1.0,0.71,0.67,0.5050762722761053,0,0.6428571428571428,0.2777777777777778
ajenti,RESAMPLE_150_25_25,50,1310727012,50,18,50.0,61.111111111111114,$la$sexp$lt$exp$ndev$entropy$nuc$ld$age$ns$Buggy,RF,CFS,0.36,0.57,0.37,0.6047682572402623,0,0.3961038961038961,0.6111111111111112
ajenti,RESAMPLE_150_25_25,50,1310727012,50,18,50.0,61.111111111111114,$la$sexp$lt$exp$ndev$entropy$nuc$ld$age$ns$Buggy,NB,CFS,1.0,0.86,0.45,0.6060915267313264,0,0.5714285714285714,0.3333333333333333
ajenti,RESAMPLE_150_25_25,50,1310727012,50,18,50.0,61.111111111111114,$la$sexp$lt$exp$ndev$entropy$nuc$ld$age$ns$Buggy,SVM,CFS,1.0,0.57,0.79,0.40406101782088427,0,0.7142857142857143,0.2222222222222222
ajenti,RESAMPLE_300_25_25,50,1310727012,50,18,50.0,61.111111111111114,$age$lt$sexp$entropy$la$exp$Buggy,KNN,CFS,0.82,0.57,0.69,0.4240214991510261,0,0.6233766233766235,0.3333333333333333
ajenti,RESAMPLE_300_25_25,50,1310727012,50,18,50.0,61.111111111111114,$age$lt$sexp$entropy$la$exp$Buggy,DT,CFS,0.45,0.29,0.49,0.4354040159542911,0,0.5844155844155845,0.4444444444444444
ajenti,RESAMPLE_300_25_25,50,1310727012,50,18,50.0,61.111111111111114,$age$lt$sexp$entropy$la$exp$Buggy,LR,CFS,1.0,0.86,0.45,0.6060915267313264,0,0.5714285714285714,0.3333333333333333
ajenti,RESAMPLE_300_25_25,50,1310727012,50,18,50.0,61.111111111111114,$age$lt$sexp$entropy$la$exp$Buggy,RF,CFS,0.73,0.0,0.77,0.1928473039599675,0,0.8636363636363636,0.16666666666666666
ajenti,RESAMPLE_300_25_25,50,1310727012,50,18,50.0,61.111111111111114,$age$lt$sexp$entropy$la$exp$Buggy,NB,CFS,1.0,0.86,0.45,0.6060915267313264,0,0.5714285714285714,0.3333333333333333
ajenti,RESAMPLE_300_25_25,50,1310727012,50,18,50.0,61.111111111111114,$age$lt$sexp$entropy$la$exp$Buggy,SVM,CFS,0.82,0.43,0.75,0.3291893988477032,0,0.6948051948051949,0.2777777777777778
ajenti,RESAMPLE_25_25,50,1310727012,50,18,50.0,61.111111111111114,$ld$age$la$exp$sexp$lt$Buggy,KNN,CFS,0.82,0.71,0.6,0.5211822775537952,0,0.551948051948052,0.3888888888888889
ajenti,RESAMPLE_25_25,50,1310727012,50,18,50.0,61.111111111111114,$ld$age$la$exp$sexp$lt$Buggy,DT,CFS,0.82,0.14,0.83,0.16350231574044374,0,0.8376623376623378,0.16666666666666666
ajenti,RESAMPLE_25_25,50,1310727012,50,18,50.0,61.111111111111114,$ld$age$la$exp$sexp$lt$Buggy,LR,CFS,0.91,0.86,0.43,0.6094909106627175,0,0.525974025974026,0.3888888888888889
ajenti,RESAMPLE_25_25,50,1310727012,50,18,50.0,61.111111111111114,$ld$age$la$exp$sexp$lt$Buggy,RF,CFS,0.64,0.43,0.62,0.3974323051454378,0,0.6038961038961038,0.3888888888888889
ajenti,RESAMPLE_25_25,50,1310727012,50,18,50.0,61.111111111111114,$ld$age$la$exp$sexp$lt$Buggy,NB,CFS,1.0,0.86,0.45,0.6060915267313264,0,0.5714285714285714,0.3333333333333333
ajenti,RESAMPLE_25_25,50,1310727012,50,18,50.0,61.111111111111114,$ld$age$la$exp$sexp$lt$Buggy,SVM,CFS,0.82,0.57,0.69,0.4240214991510261,0,0.6233766233766235,0.3333333333333333
ajenti,RESAMPLE_150_25_25,50,1312988839,50,17,50.0,58.82352941176471,$sexp$ns$la$ndev$lt$exp$entropy$age$Buggy,KNN,CFS,0.9,0.29,0.85,0.21404748662530992,0,0.8071428571428572,0.17647058823529413
ajenti,RESAMPLE_150_25_25,50,1312988839,50,17,50.0,58.82352941176471,$sexp$ns$la$ndev$lt$exp$entropy$age$Buggy,DT,CFS,0.9,0.57,0.74,0.4102015432960351,1,0.6642857142857143,0.29411764705882354
ajenti,RESAMPLE_150_25_25,50,1312988839,50,17,50.0,58.82352941176471,$sexp$ns$la$ndev$lt$exp$entropy$age$Buggy,LR,CFS,0.9,0.29,0.85,0.21404748662530992,0,0.8071428571428572,0.17647058823529413
ajenti,RESAMPLE_150_25_25,50,1312988839,50,17,50.0,58.82352941176471,$sexp$ns$la$ndev$lt$exp$entropy$age$Buggy,RF,CFS,0.9,0.57,0.74,0.4102015432960351,1,0.6642857142857143,0.29411764705882354
ajenti,RESAMPLE_150_25_25,50,1312988839,50,17,50.0,58.82352941176471,$sexp$ns$la$ndev$lt$exp$entropy$age$Buggy,NB,CFS,0.9,0.57,0.74,0.4102015432960351,1,0.6642857142857143,0.29411764705882354
ajenti,RESAMPLE_150_25_25,50,1312988839,50,17,50.0,58.82352941176471,$sexp$ns$la$ndev$lt$exp$entropy$age$Buggy,SVM,CFS,0.9,0.29,0.85,0.21404748662530992,0,0.8071428571428572,0.17647058823529413
ajenti,RESAMPLE_300_25_25,50,1312988839,50,17,50.0,58.82352941176471,$la$entropy$ns$lt$age$exp$sexp$ndev$Buggy,KNN,CFS,0.9,0.14,0.89,0.12330483215451475,0,0.8785714285714286,0.1176470588235294
ajenti,RESAMPLE_300_25_25,50,1312988839,50,17,50.0,58.82352941176471,$la$entropy$ns$lt$age$exp$sexp$ndev$Buggy,DT,CFS,0.9,0.14,0.89,0.12330483215451475,0,0.8785714285714286,0.1176470588235294
ajenti,RESAMPLE_300_25_25,50,1312988839,50,17,50.0,58.82352941176471,$la$entropy$ns$lt$age$exp$sexp$ndev$Buggy,LR,CFS,0.9,0.0,0.92,0.07071067811865474,0,0.95,0.05882352941176471
ajenti,RESAMPLE_300_25_25,50,1312988839,50,17,50.0,58.82352941176471,$la$entropy$ns$lt$age$exp$sexp$ndev$Buggy,RF,CFS,0.8,0.14,0.81,0.17379321515137766,0,0.8285714285714286,0.17647058823529413
ajenti,RESAMPLE_300_25_25,50,1312988839,50,17,50.0,58.82352941176471,$la$entropy$ns$lt$age$exp$sexp$ndev$Buggy,NB,CFS,0.9,0.57,0.74,0.4102015432960351,1,0.6642857142857143,0.29411764705882354
ajenti,RESAMPLE_300_25_25,50,1312988839,50,17,50.0,58.82352941176471,$la$entropy$ns$lt$age$exp$sexp$ndev$Buggy,SVM,CFS,0.9,0.29,0.85,0.21404748662530992,0,0.8071428571428572,0.17647058823529413
ajenti,RESAMPLE_25_25,50,1312988839,50,17,50.0,58.82352941176471,$lt$ndev$la$age$exp$sexp$entropy$Buggy,KNN,CFS,0.9,0.29,0.85,0.21404748662530992,1,0.8071428571428572,0.17647058823529413
ajenti,RESAMPLE_25_25,50,1312988839,50,17,50.0,58.82352941176471,$lt$ndev$la$age$exp$sexp$entropy$Buggy,DT,CFS,0.5,0.14,0.55,0.36770107646382144,0,0.6785714285714286,0.35294117647058826
ajenti,RESAMPLE_25_25,50,1312988839,50,17,50.0,58.82352941176471,$lt$ndev$la$age$exp$sexp$entropy$Buggy,LR,CFS,0.9,0.29,0.85,0.21404748662530992,0,0.8071428571428572,0.17647058823529413
ajenti,RESAMPLE_25_25,50,1312988839,50,17,50.0,58.82352941176471,$lt$ndev$la$age$exp$sexp$entropy$Buggy,RF,CFS,0.7,0.14,0.73,0.23495548861997895,0,0.7785714285714287,0.2352941176470588
ajenti,RESAMPLE_25_25,50,1312988839,50,17,50.0,58.82352941176471,$lt$ndev$la$age$exp$sexp$entropy$Buggy,NB,CFS,0.9,0.57,0.74,0.4102015432960351,1,0.6642857142857143,0.29411764705882354
ajenti,RESAMPLE_25_25,50,1312988839,50,17,50.0,58.82352941176471,$lt$ndev$la$age$exp$sexp$entropy$Buggy,SVM,CFS,0.9,0.29,0.85,0.21404748662530992,0,0.8071428571428572,0.17647058823529413
ajenti,RESAMPLE_150_25_25,50,1318502993,50,48,50.0,41.66666666666666,$la$lt$ns$exp$sexp$entropy$ndev$nuc$age$ld$Buggy,KNN,CFS,0.95,0.71,0.65,0.5063121969855422,0,0.6178571428571429,0.4375
ajenti,RESAMPLE_150_25_25,50,1318502993,50,48,50.0,41.66666666666666,$la$lt$ns$exp$sexp$entropy$ndev$nuc$age$ld$Buggy,DT,CFS,0.75,0.5,0.68,0.3952847075210474,0,0.625,0.3958333333333333
ajenti,RESAMPLE_150_25_25,50,1318502993,50,48,50.0,41.66666666666666,$la$lt$ns$exp$sexp$entropy$ndev$nuc$age$ld$Buggy,LR,CFS,0.95,0.64,0.72,0.4559415017973518,0,0.6535714285714285,0.3958333333333333
ajenti,RESAMPLE_150_25_25,50,1318502993,50,48,50.0,41.66666666666666,$la$lt$ns$exp$sexp$entropy$ndev$nuc$age$ld$Buggy,RF,CFS,1.0,0.79,0.57,0.5555838995037159,0,0.6071428571428572,0.4583333333333333
ajenti,RESAMPLE_150_25_25,50,1318502993,50,48,50.0,41.66666666666666,$la$lt$ns$exp$sexp$entropy$ndev$nuc$age$ld$Buggy,NB,CFS,1.0,0.79,0.57,0.5555838995037159,0,0.6071428571428572,0.4583333333333333
ajenti,RESAMPLE_150_25_25,50,1318502993,50,48,50.0,41.66666666666666,$la$lt$ns$exp$sexp$entropy$ndev$nuc$age$ld$Buggy,SVM,CFS,0.95,0.64,0.72,0.4559415017973518,0,0.6535714285714285,0.3958333333333333
ajenti,RESAMPLE_300_25_25,50,1318502993,50,48,50.0,41.66666666666666,$ld$ns$age$la$sexp$lt$exp$Buggy,KNN,CFS,0.75,0.61,0.63,0.4642857142857143,0,0.5714285714285714,0.4583333333333333
ajenti,RESAMPLE_300_25_25,50,1318502993,50,48,50.0,41.66666666666666,$ld$ns$age$la$sexp$lt$exp$Buggy,DT,CFS,0.8,0.54,0.7,0.4043450234134008,0,0.6321428571428571,0.3958333333333333
ajenti,RESAMPLE_300_25_25,50,1318502993,50,48,50.0,41.66666666666666,$ld$ns$age$la$sexp$lt$exp$Buggy,LR,CFS,0.95,0.71,0.65,0.5063121969855422,0,0.6178571428571429,0.4375
ajenti,RESAMPLE_300_25_25,50,1318502993,50,48,50.0,41.66666666666666,$ld$ns$age$la$sexp$lt$exp$Buggy,RF,CFS,0.75,0.61,0.63,0.4642857142857143,1,0.5714285714285714,0.4583333333333333
ajenti,RESAMPLE_300_25_25,50,1318502993,50,48,50.0,41.66666666666666,$ld$ns$age$la$sexp$lt$exp$Buggy,NB,CFS,0.65,0.57,0.59,0.4738304613703608,0,0.5392857142857144,0.4791666666666667
ajenti,RESAMPLE_300_25_25,50,1318502993,50,48,50.0,41.66666666666666,$ld$ns$age$la$sexp$lt$exp$Buggy,SVM,CFS,0.85,0.57,0.71,0.4177502915887061,0,0.6392857142857142,0.3958333333333333
ajenti,RESAMPLE_25_25,50,1318502993,50,48,50.0,41.66666666666666,$nuc$age$la$lt$entropy$exp$Buggy,KNN,CFS,0.85,0.68,0.64,0.4914057303661962,0,0.5857142857142857,0.4583333333333333
ajenti,RESAMPLE_25_25,50,1318502993,50,48,50.0,41.66666666666666,$nuc$age$la$lt$entropy$exp$Buggy,DT,CFS,0.75,0.64,0.62,0.4877321529909879,3,0.5535714285714286,0.4791666666666667
ajenti,RESAMPLE_25_25,50,1318502993,50,48,50.0,41.66666666666666,$nuc$age$la$lt$entropy$exp$Buggy,LR,CFS,0.95,0.64,0.72,0.4559415017973518,0,0.6535714285714285,0.3958333333333333
ajenti,RESAMPLE_25_25,50,1318502993,50,48,50.0,41.66666666666666,$nuc$age$la$lt$entropy$exp$Buggy,RF,CFS,0.95,0.68,0.68,0.4811232605442546,0,0.6357142857142857,0.4166666666666667
ajenti,RESAMPLE_25_25,50,1318502993,50,48,50.0,41.66666666666666,$nuc$age$la$lt$entropy$exp$Buggy,NB,CFS,1.0,0.68,0.7,0.4798224586623001,0,0.6607142857142857,0.3958333333333333
ajenti,RESAMPLE_25_25,50,1318502993,50,48,50.0,41.66666666666666,$nuc$age$la$lt$entropy$exp$Buggy,SVM,CFS,1.0,0.64,0.74,0.4545686450484948,0,0.6785714285714286,0.375
ajenti,RESAMPLE_150_25_25,50,1334396529,50,78,50.0,8.974358974358974,$la$lt$ndev$exp$ns$sexp$age$nuc$ld$entropy$Buggy,KNN,CFS,0.57,0.37,0.58,0.3986062256771076,16,0.60261569416499,0.3717948717948718
ajenti,RESAMPLE_150_25_25,50,1334396529,50,78,50.0,8.974358974358974,$la$lt$ndev$exp$ns$sexp$age$nuc$ld$entropy$Buggy,DT,CFS,0.57,0.62,0.52,0.5327871305514251,27,0.4758551307847082,0.6025641025641025
ajenti,RESAMPLE_150_25_25,50,1334396529,50,78,50.0,8.974358974358974,$la$lt$ndev$exp$ns$sexp$age$nuc$ld$entropy$Buggy,LR,CFS,1.0,0.54,0.81,0.3784515166913916,24,0.7323943661971831,0.4871794871794872
ajenti,RESAMPLE_150_25_25,50,1334396529,50,78,50.0,8.974358974358974,$la$lt$ndev$exp$ns$sexp$age$nuc$ld$entropy$Buggy,RF,CFS,0.43,0.59,0.43,0.5815759544446364,25,0.4185110663983904,0.5897435897435898
ajenti,RESAMPLE_150_25_25,50,1334396529,50,78,50.0,8.974358974358974,$la$lt$ndev$exp$ns$sexp$age$nuc$ld$entropy$Buggy,NB,CFS,0.29,0.46,0.32,0.6025913405424171,25,0.4104627766599597,0.4871794871794872
ajenti,RESAMPLE_150_25_25,50,1334396529,50,78,50.0,8.974358974358974,$la$lt$ndev$exp$ns$sexp$age$nuc$ld$entropy$Buggy,SVM,CFS,0.43,0.3,0.47,0.4549798097596026,15,0.5663983903420523,0.3205128205128205
ajenti,RESAMPLE_300_25_25,50,1334396529,50,78,50.0,8.974358974358974,$la$ld$ns$lt$age$exp$entropy$sexp$ndev$nuc$Buggy,KNN,CFS,0.71,0.55,0.64,0.4378118894612428,25,0.5824949698189135,0.5256410256410257
ajenti,RESAMPLE_300_25_25,50,1334396529,50,78,50.0,8.974358974358974,$la$ld$ns$lt$age$exp$entropy$sexp$ndev$nuc$Buggy,DT,CFS,0.29,0.39,0.32,0.5769440090309074,18,0.4456740442655936,0.4230769230769231
ajenti,RESAMPLE_300_25_25,50,1334396529,50,78,50.0,8.974358974358974,$la$ld$ns$lt$age$exp$entropy$sexp$ndev$nuc$Buggy,LR,CFS,1.0,0.42,0.87,0.2987775131774144,20,0.7887323943661972,0.38461538461538464
ajenti,RESAMPLE_300_25_25,50,1334396529,50,78,50.0,8.974358974358974,$la$ld$ns$lt$age$exp$entropy$sexp$ndev$nuc$Buggy,RF,CFS,0.71,0.49,0.66,0.4028895586105164,25,0.6106639839034206,0.4743589743589744
ajenti,RESAMPLE_300_25_25,50,1334396529,50,78,50.0,8.974358974358974,$la$ld$ns$lt$age$exp$entropy$sexp$ndev$nuc$Buggy,NB,CFS,0.71,0.54,0.64,0.42900102216268304,26,0.5895372233400402,0.5128205128205128
ajenti,RESAMPLE_300_25_25,50,1334396529,50,78,50.0,8.974358974358974,$la$ld$ns$lt$age$exp$entropy$sexp$ndev$nuc$Buggy,SVM,CFS,0.71,0.41,0.68,0.3524660486085224,21,0.6529175050301811,0.3974358974358974
ajenti,RESAMPLE_25_25,50,1334396529,50,78,50.0,8.974358974358974,$ns$ld$entropy$age$la$lt$Buggy,KNN,CFS,0.71,0.28,0.71,0.2837093481985922,14,0.7162977867203221,0.28205128205128205
ajenti,RESAMPLE_25_25,50,1334396529,50,78,50.0,8.974358974358974,$ns$ld$entropy$age$la$lt$Buggy,DT,CFS,0.86,0.24,0.84,0.19715229915909765,12,0.8088531187122736,0.2307692307692308
ajenti,RESAMPLE_25_25,50,1334396529,50,78,50.0,8.974358974358974,$ns$ld$entropy$age$la$lt$Buggy,LR,CFS,0.86,0.27,0.83,0.21450051108134155,13,0.7947686116700201,0.2564102564102564
ajenti,RESAMPLE_25_25,50,1334396529,50,78,50.0,8.974358974358974,$ns$ld$entropy$age$la$lt$Buggy,RF,CFS,0.71,0.28,0.71,0.2837093481985922,15,0.7162977867203221,0.28205128205128205
ajenti,RESAMPLE_25_25,50,1334396529,50,78,50.0,8.974358974358974,$ns$ld$entropy$age$la$lt$Buggy,NB,CFS,0.86,0.32,0.82,0.25034741799849464,16,0.7665995975855131,0.3076923076923077
ajenti,RESAMPLE_25_25,50,1334396529,50,78,50.0,8.974358974358974,$ns$ld$entropy$age$la$lt$Buggy,SVM,CFS,0.71,0.25,0.72,0.2700977737553293,13,0.7303822937625756,0.2564102564102564
ajenti,RESAMPLE_150_25_25,50,1367089572,50,269,50.0,48.69888475836432,$nuc$sexp$lt$entropy$ndev$la$ld$ns$exp$age$fix$nf$Buggy,KNN,CFS,0.76,0.41,0.72,0.33931924298817845,0,0.6713408562894125,0.3308550185873606
ajenti,RESAMPLE_150_25_25,50,1367089572,50,269,50.0,48.69888475836432,$nuc$sexp$lt$entropy$ndev$la$ld$ns$exp$age$fix$nf$Buggy,DT,CFS,0.74,0.67,0.59,0.5106470561988906,1,0.5332724858944574,0.4721189591078067
ajenti,RESAMPLE_150_25_25,50,1367089572,50,269,50.0,48.69888475836432,$nuc$sexp$lt$entropy$ndev$la$ld$ns$exp$age$fix$nf$Buggy,LR,CFS,0.87,0.55,0.73,0.400086326315214,0,0.6597521849762141,0.34572490706319703
ajenti,RESAMPLE_150_25_25,50,1367089572,50,269,50.0,48.69888475836432,$nuc$sexp$lt$entropy$ndev$la$ld$ns$exp$age$fix$nf$Buggy,RF,CFS,0.78,0.58,0.67,0.4387882862420336,1,0.5994579046354684,0.4052044609665427
ajenti,RESAMPLE_150_25_25,50,1367089572,50,269,50.0,48.69888475836432,$nuc$sexp$lt$entropy$ndev$la$ld$ns$exp$age$fix$nf$Buggy,NB,CFS,0.96,0.7,0.67,0.497756549014204,0,0.6294667551720323,0.379182156133829
ajenti,RESAMPLE_150_25_25,50,1367089572,50,269,50.0,48.69888475836432,$nuc$sexp$lt$entropy$ndev$la$ld$ns$exp$age$fix$nf$Buggy,SVM,CFS,0.85,0.51,0.74,0.3730515761577556,3,0.6738577276247373,0.3308550185873606
ajenti,RESAMPLE_300_25_25,50,1367089572,50,269,50.0,48.69888475836432,$nuc$la$ns$ld$lt$age$ndev$exp$Buggy,KNN,CFS,0.79,0.5,0.71,0.3845029150686482,1,0.6431297709923665,0.3605947955390335
ajenti,RESAMPLE_300_25_25,50,1367089572,50,269,50.0,48.69888475836432,$nuc$la$ns$ld$lt$age$ndev$exp$Buggy,DT,CFS,0.79,0.53,0.7,0.4034294549665919,1,0.628637017369178,0.3754646840148699
ajenti,RESAMPLE_300_25_25,50,1367089572,50,269,50.0,48.69888475836432,$nuc$la$ns$ld$lt$age$ndev$exp$Buggy,LR,CFS,0.86,0.54,0.73,0.391423461309675,0,0.6631817678946785,0.3420074349442379
ajenti,RESAMPLE_300_25_25,50,1367089572,50,269,50.0,48.69888475836432,$nuc$la$ns$ld$lt$age$ndev$exp$Buggy,RF,CFS,0.95,0.66,0.7,0.4674039465613266,0,0.6473890917136852,0.3605947955390335
ajenti,RESAMPLE_300_25_25,50,1367089572,50,269,50.0,48.69888475836432,$nuc$la$ns$ld$lt$age$ndev$exp$Buggy,NB,CFS,0.02,0.09,0.02,0.6994901434617511,1,0.4605321385108973,0.5278810408921933
ajenti,RESAMPLE_300_25_25,50,1367089572,50,269,50.0,48.69888475836432,$nuc$la$ns$ld$lt$age$ndev$exp$Buggy,SVM,CFS,0.83,0.45,0.75,0.33915471088585986,0,0.6913928531917247,0.31226765799256506
ajenti,RESAMPLE_25_25,50,1367089572,50,269,50.0,48.69888475836432,$la$nuc$entropy$lt$ns$Buggy,KNN,CFS,0.5,0.28,0.53,0.4012618725095583,0,0.6142272375262751,0.3828996282527881
ajenti,RESAMPLE_25_25,50,1367089572,50,269,50.0,48.69888475836432,$la$nuc$entropy$lt$ns$Buggy,DT,CFS,0.49,0.47,0.5,0.4916483221287072,6,0.5087675627834938,0.4907063197026023
ajenti,RESAMPLE_25_25,50,1367089572,50,269,50.0,48.69888475836432,$la$nuc$entropy$lt$ns$Buggy,LR,CFS,0.8,0.38,0.76,0.3056895229995361,0,0.7087343732713796,0.2936802973977695
ajenti,RESAMPLE_25_25,50,1367089572,50,269,50.0,48.69888475836432,$la$nuc$entropy$lt$ns$Buggy,RF,CFS,0.64,0.41,0.63,0.3868636823064554,6,0.6140889478924659,0.3866171003717472
ajenti,RESAMPLE_25_25,50,1367089572,50,269,50.0,48.69888475836432,$la$nuc$entropy$lt$ns$Buggy,NB,CFS,0.98,0.69,0.68,0.486896101921572,0,0.6481635136630158,0.3605947955390335
ajenti,RESAMPLE_25_25,50,1367089572,50,269,50.0,48.69888475836432,$la$nuc$entropy$lt$ns$Buggy,SVM,CFS,0.44,0.12,0.49,0.40354991806148977,0,0.6597798429029761,0.3345724907063197
ajenti,RESAMPLE_150_25_25,50,1377985071,50,17,50.0,35.29411764705883,$la$ns$entropy$lt$ndev$exp$Buggy,KNN,CFS,0.0,0.27,0.0,0.7329325225725953,3,0.3636363636363637,0.5294117647058824
ajenti,RESAMPLE_150_25_25,50,1377985071,50,17,50.0,35.29411764705883,$la$ns$entropy$lt$ndev$exp$Buggy,DT,CFS,0.33,0.27,0.37,0.5093253428476245,1,0.5303030303030303,0.4117647058823529
ajenti,RESAMPLE_150_25_25,50,1377985071,50,17,50.0,35.29411764705883,$la$ns$entropy$lt$ndev$exp$Buggy,LR,CFS,0.5,0.45,0.51,0.4778135464006508,2,0.5227272727272727,0.4705882352941176
ajenti,RESAMPLE_150_25_25,50,1377985071,50,17,50.0,35.29411764705883,$la$ns$entropy$lt$ndev$exp$Buggy,RF,CFS,0.0,0.09,0.0,0.7100226978096958,1,0.4545454545454545,0.4117647058823529
ajenti,RESAMPLE_150_25_25,50,1377985071,50,17,50.0,35.29411764705883,$la$ns$entropy$lt$ndev$exp$Buggy,NB,CFS,0.67,0.45,0.64,0.39857413448381535,1,0.606060606060606,0.4117647058823529
ajenti,RESAMPLE_150_25_25,50,1377985071,50,17,50.0,35.29411764705883,$la$ns$entropy$lt$ndev$exp$Buggy,SVM,CFS,0.0,0.09,0.0,0.7100226978096958,1,0.4545454545454545,0.4117647058823529
ajenti,RESAMPLE_300_25_25,50,1377985071,50,17,50.0,35.29411764705883,$la$age$lt$ndev$sexp$exp$ld$Buggy,KNN,CFS,0.17,0.45,0.2,0.671213831313233,5,0.3560606060606061,0.5882352941176471
ajenti,RESAMPLE_300_25_25,50,1377985071,50,17,50.0,35.29411764705883,$la$age$lt$ndev$sexp$exp$ld$Buggy,DT,CFS,0.67,0.73,0.52,0.5657016576543779,2,0.4696969696969697,0.5882352941176471
ajenti,RESAMPLE_300_25_25,50,1377985071,50,17,50.0,35.29411764705883,$la$age$lt$ndev$sexp$exp$ld$Buggy,LR,CFS,0.83,0.64,0.66,0.46515398281844705,1,0.5984848484848485,0.4705882352941176
ajenti,RESAMPLE_300_25_25,50,1377985071,50,17,50.0,35.29411764705883,$la$age$lt$ndev$sexp$exp$ld$Buggy,RF,CFS,0.83,0.73,0.59,0.5275904650448531,2,0.553030303030303,0.5294117647058824
ajenti,RESAMPLE_300_25_25,50,1377985071,50,17,50.0,35.29411764705883,$la$age$lt$ndev$sexp$exp$ld$Buggy,NB,CFS,0.0,0.0,0.0,0.7071067811865475,0,0.5,0.35294117647058826
ajenti,RESAMPLE_300_25_25,50,1377985071,50,17,50.0,35.29411764705883,$la$age$lt$ndev$sexp$exp$ld$Buggy,SVM,CFS,0.83,0.55,0.71,0.4032979289153383,2,0.643939393939394,0.4117647058823529
ajenti,RESAMPLE_25_25,50,1377985071,50,17,50.0,35.29411764705883,$entropy$la$nf$ns$lt$Buggy,KNN,CFS,0.17,0.18,0.2,0.6031178556816711,2,0.4924242424242424,0.4117647058823529
ajenti,RESAMPLE_25_25,50,1377985071,50,17,50.0,35.29411764705883,$entropy$la$nf$ns$lt$Buggy,DT,CFS,0.17,0.36,0.2,0.6429136214932462,3,0.4015151515151515,0.5294117647058824
ajenti,RESAMPLE_25_25,50,1377985071,50,17,50.0,35.29411764705883,$entropy$la$nf$ns$lt$Buggy,LR,CFS,0.17,0.36,0.2,0.6429136214932462,4,0.4015151515151515,0.5294117647058824
ajenti,RESAMPLE_25_25,50,1377985071,50,17,50.0,35.29411764705883,$entropy$la$nf$ns$lt$Buggy,RF,CFS,0.17,0.18,0.2,0.6031178556816711,2,0.4924242424242424,0.4117647058823529
ajenti,RESAMPLE_25_25,50,1377985071,50,17,50.0,35.29411764705883,$entropy$la$nf$ns$lt$Buggy,NB,CFS,0.5,0.45,0.51,0.4778135464006508,2,0.5227272727272727,0.4705882352941176
ajenti,RESAMPLE_25_25,50,1377985071,50,17,50.0,35.29411764705883,$entropy$la$nf$ns$lt$Buggy,SVM,CFS,0.5,0.36,0.52,0.4371678195834397,2,0.5681818181818182,0.4117647058823529
ajenti,RESAMPLE_150_25_25,50,1388499144,50,25,50.0,28.0,$age$ld$ns$sexp$la$lt$ndev$exp$Buggy,KNN,CFS,0.43,0.33,0.46,0.4677829215330595,2,0.5476190476190477,0.4
ajenti,RESAMPLE_150_25_25,50,1388499144,50,25,50.0,28.0,$age$ld$ns$sexp$la$lt$ndev$exp$Buggy,DT,CFS,0.57,0.44,0.57,0.436580080618256,3,0.5634920634920635,0.44
ajenti,RESAMPLE_150_25_25,50,1388499144,50,25,50.0,28.0,$age$ld$ns$sexp$la$lt$ndev$exp$Buggy,LR,CFS,0.86,0.56,0.72,0.4056168996565282,3,0.6507936507936507,0.44
ajenti,RESAMPLE_150_25_25,50,1388499144,50,25,50.0,28.0,$age$ld$ns$sexp$la$lt$ndev$exp$Buggy,RF,CFS,0.29,0.17,0.33,0.5186433550188563,2,0.5595238095238095,0.32
ajenti,RESAMPLE_150_25_25,50,1388499144,50,25,50.0,28.0,$age$ld$ns$sexp$la$lt$ndev$exp$Buggy,NB,CFS,0.0,0.0,0.0,0.7071067811865475,0,0.5,0.28
ajenti,RESAMPLE_150_25_25,50,1388499144,50,25,50.0,28.0,$age$ld$ns$sexp$la$lt$ndev$exp$Buggy,SVM,CFS,0.43,0.33,0.46,0.4677829215330595,1,0.5476190476190477,0.4
ajenti,RESAMPLE_300_25_25,50,1388499144,50,25,50.0,28.0,$age$entropy$sexp$exp$la$lt$Buggy,KNN,CFS,0.43,0.22,0.47,0.4335396915475448,2,0.6031746031746033,0.32
ajenti,RESAMPLE_300_25_25,50,1388499144,50,25,50.0,28.0,$age$entropy$sexp$exp$la$lt$Buggy,DT,CFS,0.0,0.0,0.0,0.7071067811865475,0,0.5,0.28
ajenti,RESAMPLE_300_25_25,50,1388499144,50,25,50.0,28.0,$age$entropy$sexp$exp$la$lt$Buggy,LR,CFS,0.43,0.22,0.47,0.4335396915475448,2,0.6031746031746033,0.32
ajenti,RESAMPLE_300_25_25,50,1388499144,50,25,50.0,28.0,$age$entropy$sexp$exp$la$lt$Buggy,RF,CFS,0.14,0.22,0.17,0.626129616613207,3,0.4603174603174603,0.4
ajenti,RESAMPLE_300_25_25,50,1388499144,50,25,50.0,28.0,$age$entropy$sexp$exp$la$lt$Buggy,NB,CFS,0.43,0.22,0.47,0.4335396915475448,2,0.6031746031746033,0.32
ajenti,RESAMPLE_300_25_25,50,1388499144,50,25,50.0,28.0,$age$entropy$sexp$exp$la$lt$Buggy,SVM,CFS,0.29,0.22,0.33,0.5289550064429089,2,0.5317460317460316,0.36
ajenti,RESAMPLE_25_25,50,1388499144,50,25,50.0,28.0,$la$ld$lt$age$exp$sexp$entropy$nuc$ns$Buggy,KNN,CFS,0.86,0.56,0.72,0.4056168996565282,3,0.6507936507936507,0.44
ajenti,RESAMPLE_25_25,50,1388499144,50,25,50.0,28.0,$la$ld$lt$age$exp$sexp$entropy$nuc$ns$Buggy,DT,CFS,0.14,0.28,0.17,0.6371241524923462,5,0.4325396825396825,0.44
ajenti,RESAMPLE_25_25,50,1388499144,50,25,50.0,28.0,$la$ld$lt$age$exp$sexp$entropy$nuc$ns$Buggy,LR,CFS,0.29,0.22,0.33,0.5289550064429089,2,0.5317460317460316,0.36
ajenti,RESAMPLE_25_25,50,1388499144,50,25,50.0,28.0,$la$ld$lt$age$exp$sexp$entropy$nuc$ns$Buggy,RF,CFS,0.29,0.33,0.33,0.5573666624152201,3,0.4761904761904762,0.44
ajenti,RESAMPLE_25_25,50,1388499144,50,25,50.0,28.0,$la$ld$lt$age$exp$sexp$entropy$nuc$ns$Buggy,NB,CFS,0.29,0.33,0.33,0.5573666624152201,3,0.4761904761904762,0.44
ajenti,RESAMPLE_25_25,50,1388499144,50,25,50.0,28.0,$la$ld$lt$age$exp$sexp$entropy$nuc$ns$Buggy,SVM,CFS,0.43,0.5,0.44,0.5369034420847466,3,0.4642857142857143,0.52
ajenti,RESAMPLE_150_25_25,50,1394198882,50,58,50.0,18.96551724137931,$la$lt$ndev$sexp$ns$exp$nuc$age$Buggy,KNN,CFS,0.82,0.7,0.61,0.5128552922507428,7,0.5580270793036751,0.603448275862069
ajenti,RESAMPLE_150_25_25,50,1394198882,50,58,50.0,18.96551724137931,$la$lt$ndev$sexp$ns$exp$nuc$age$Buggy,DT,CFS,1.0,0.79,0.57,0.5566585298702608,3,0.6063829787234043,0.6379310344827587
ajenti,RESAMPLE_150_25_25,50,1394198882,50,58,50.0,18.96551724137931,$la$lt$ndev$sexp$ns$exp$nuc$age$Buggy,LR,CFS,0.91,0.83,0.49,0.5902589756157496,10,0.5396518375241779,0.6896551724137931
ajenti,RESAMPLE_150_25_25,50,1394198882,50,58,50.0,18.96551724137931,$la$lt$ndev$sexp$ns$exp$nuc$age$Buggy,RF,CFS,0.82,0.79,0.52,0.5713122128023825,10,0.5154738878143134,0.6724137931034483
ajenti,RESAMPLE_150_25_25,50,1394198882,50,58,50.0,18.96551724137931,$la$lt$ndev$sexp$ns$exp$nuc$age$Buggy,NB,CFS,1.0,0.7,0.68,0.4964792293437461,2,0.6489361702127661,0.5689655172413793
ajenti,RESAMPLE_150_25_25,50,1394198882,50,58,50.0,18.96551724137931,$la$lt$ndev$sexp$ns$exp$nuc$age$Buggy,SVM,CFS,1.0,0.83,0.51,0.5867481801335181,3,0.5851063829787234,0.6724137931034483
ajenti,RESAMPLE_300_25_25,50,1394198882,50,58,50.0,18.96551724137931,$age$ns$entropy$ndev$ld$fix$nuc$Buggy,KNN,CFS,0.55,0.34,0.57,0.4015601530452643,7,0.6025145067698259,0.3620689655172414
ajenti,RESAMPLE_300_25_25,50,1394198882,50,58,50.0,18.96551724137931,$age$ns$entropy$ndev$ld$fix$nuc$Buggy,DT,CFS,0.18,0.09,0.21,0.5816633837654845,1,0.5483558994197292,0.2241379310344828
ajenti,RESAMPLE_300_25_25,50,1394198882,50,58,50.0,18.96551724137931,$age$ns$entropy$ndev$ld$fix$nuc$Buggy,LR,CFS,0.64,0.34,0.64,0.3522221938906007,3,0.6479690522243713,0.3448275862068966
ajenti,RESAMPLE_300_25_25,50,1394198882,50,58,50.0,18.96551724137931,$age$ns$entropy$ndev$ld$fix$nuc$Buggy,RF,CFS,0.36,0.21,0.4,0.4744618163425838,4,0.5754352030947776,0.29310344827586204
ajenti,RESAMPLE_300_25_25,50,1394198882,50,58,50.0,18.96551724137931,$age$ns$entropy$ndev$ld$fix$nuc$Buggy,NB,CFS,0.0,0.0,0.0,0.7071067811865475,0,0.5,0.1896551724137931
ajenti,RESAMPLE_300_25_25,50,1394198882,50,58,50.0,18.96551724137931,$age$ns$entropy$ndev$ld$fix$nuc$Buggy,SVM,CFS,0.55,0.34,0.57,0.4015601530452643,7,0.6025145067698259,0.3620689655172414
ajenti,RESAMPLE_25_25,50,1394198882,50,58,50.0,18.96551724137931,$age$lt$la$exp$ns$sexp$Buggy,KNN,CFS,1.0,0.4,0.88,0.2858516775009447,1,0.7978723404255319,0.3275862068965517
ajenti,RESAMPLE_25_25,50,1394198882,50,58,50.0,18.96551724137931,$age$lt$la$exp$ns$sexp$Buggy,DT,CFS,0.36,0.43,0.39,0.5413114114255207,3,0.4690522243713734,0.4655172413793103
ajenti,RESAMPLE_25_25,50,1394198882,50,58,50.0,18.96551724137931,$age$lt$la$exp$ns$sexp$Buggy,LR,CFS,0.73,0.3,0.72,0.285576694146984,0,0.7147001934235977,0.29310344827586204
ajenti,RESAMPLE_25_25,50,1394198882,50,58,50.0,18.96551724137931,$age$lt$la$exp$ns$sexp$Buggy,RF,CFS,0.18,0.19,0.21,0.5941757581929752,4,0.4951644100580272,0.3103448275862069
ajenti,RESAMPLE_25_25,50,1394198882,50,58,50.0,18.96551724137931,$age$lt$la$exp$ns$sexp$Buggy,NB,CFS,1.0,0.7,0.68,0.4964792293437461,2,0.6489361702127661,0.5689655172413793
ajenti,RESAMPLE_25_25,50,1394198882,50,58,50.0,18.96551724137931,$age$lt$la$exp$ns$sexp$Buggy,SVM,CFS,0.64,0.3,0.65,0.3323848192601925,3,0.6692456479690522,0.3103448275862069
ajenti,RESAMPLE_150_25_25,50,1395958466,50,74,50.0,9.459459459459461,$sexp$la$ndev$lt$exp$nuc$ld$Buggy,KNN,CFS,0.86,0.55,0.73,0.4033459198285277,3,0.652452025586354,0.5135135135135135
ajenti,RESAMPLE_150_25_25,50,1395958466,50,74,50.0,9.459459459459461,$sexp$la$ndev$lt$exp$nuc$ld$Buggy,DT,CFS,0.86,0.34,0.81,0.2629180299994092,2,0.7569296375266525,0.32432432432432434
ajenti,RESAMPLE_150_25_25,50,1395958466,50,74,50.0,9.459459459459461,$sexp$la$ndev$lt$exp$nuc$ld$Buggy,LR,CFS,1.0,0.6,0.77,0.42215330220092384,5,0.7014925373134329,0.5405405405405406
ajenti,RESAMPLE_150_25_25,50,1395958466,50,74,50.0,9.459459459459461,$sexp$la$ndev$lt$exp$nuc$ld$Buggy,RF,CFS,1.0,0.78,0.59,0.548799292861201,9,0.6119402985074627,0.7027027027027027
ajenti,RESAMPLE_150_25_25,50,1395958466,50,74,50.0,9.459459459459461,$sexp$la$ndev$lt$exp$nuc$ld$Buggy,NB,CFS,1.0,0.63,0.75,0.4432609673109701,8,0.6865671641791045,0.5675675675675675
ajenti,RESAMPLE_150_25_25,50,1395958466,50,74,50.0,9.459459459459461,$sexp$la$ndev$lt$exp$nuc$ld$Buggy,SVM,CFS,1.0,0.79,0.57,0.5593531254162241,8,0.6044776119402986,0.7162162162162162
ajenti,RESAMPLE_300_25_25,50,1395958466,50,74,50.0,9.459459459459461,$ld$entropy$age$ndev$la$ns$sexp$lt$Buggy,KNN,CFS,0.71,0.33,0.7,0.3077757027849233,6,0.6929637526652451,0.32432432432432434
ajenti,RESAMPLE_300_25_25,50,1395958466,50,74,50.0,9.459459459459461,$ld$entropy$age$ndev$la$ns$sexp$lt$Buggy,DT,CFS,0.43,0.19,0.47,0.4267189913898355,1,0.6172707889125799,0.2297297297297297
ajenti,RESAMPLE_300_25_25,50,1395958466,50,74,50.0,9.459459459459461,$ld$entropy$age$ndev$la$ns$sexp$lt$Buggy,LR,CFS,0.71,0.33,0.7,0.3077757027849233,7,0.6929637526652451,0.32432432432432434
ajenti,RESAMPLE_300_25_25,50,1395958466,50,74,50.0,9.459459459459461,$ld$entropy$age$ndev$la$ns$sexp$lt$Buggy,RF,CFS,0.29,0.04,0.34,0.5060676745759619,2,0.6204690831556503,0.10810810810810813
ajenti,RESAMPLE_300_25_25,50,1395958466,50,74,50.0,9.459459459459461,$ld$entropy$age$ndev$la$ns$sexp$lt$Buggy,NB,CFS,0.0,0.0,0.0,0.7071067811865475,0,0.5,0.0945945945945946
ajenti,RESAMPLE_300_25_25,50,1395958466,50,74,50.0,9.459459459459461,$ld$entropy$age$ndev$la$ns$sexp$lt$Buggy,SVM,CFS,0.71,0.19,0.73,0.2442132634009093,1,0.7601279317697229,0.20270270270270271
ajenti,RESAMPLE_25_25,50,1395958466,50,74,50.0,9.459459459459461,$exp$sexp$entropy$la$lt$age$Buggy,KNN,CFS,0.57,0.22,0.6,0.34190348865397274,5,0.6737739872068231,0.2432432432432433
ajenti,RESAMPLE_25_25,50,1395958466,50,74,50.0,9.459459459459461,$exp$sexp$entropy$la$lt$age$Buggy,DT,CFS,0.71,0.51,0.65,0.4117954779494235,6,0.603411513859275,0.4864864864864865
ajenti,RESAMPLE_25_25,50,1395958466,50,74,50.0,9.459459459459461,$exp$sexp$entropy$la$lt$age$Buggy,LR,CFS,0.71,0.33,0.7,0.3077757027849233,6,0.6929637526652451,0.32432432432432434
ajenti,RESAMPLE_25_25,50,1395958466,50,74,50.0,9.459459459459461,$exp$sexp$entropy$la$lt$age$Buggy,RF,CFS,0.86,0.55,0.73,0.4033459198285277,8,0.652452025586354,0.5135135135135135
ajenti,RESAMPLE_25_25,50,1395958466,50,74,50.0,9.459459459459461,$exp$sexp$entropy$la$lt$age$Buggy,NB,CFS,1.0,0.51,0.83,0.3588303068707853,8,0.7462686567164178,0.4594594594594595
ajenti,RESAMPLE_25_25,50,1395958466,50,74,50.0,9.459459459459461,$exp$sexp$entropy$la$lt$age$Buggy,SVM,CFS,0.71,0.33,0.7,0.3077757027849233,6,0.6929637526652451,0.32432432432432434
ajenti,RESAMPLE_150_25_25,50,1398006198,50,67,50.0,19.402985074626862,$lt$sexp$age$ns$la$nuc$exp$ld$entropy$Buggy,KNN,CFS,0.54,0.43,0.55,0.4440893186371111,5,0.5562678062678063,0.4328358208955224
ajenti,RESAMPLE_150_25_25,50,1398006198,50,67,50.0,19.402985074626862,$lt$sexp$age$ns$la$nuc$exp$ld$entropy$Buggy,DT,CFS,0.92,0.85,0.45,0.6048010984062211,5,0.5356125356125356,0.7014925373134329
ajenti,RESAMPLE_150_25_25,50,1398006198,50,67,50.0,19.402985074626862,$lt$sexp$age$ns$la$nuc$exp$ld$entropy$Buggy,LR,CFS,0.85,0.81,0.5,0.5863411214877203,10,0.5156695156695157,0.6865671641791045
ajenti,RESAMPLE_150_25_25,50,1398006198,50,67,50.0,19.402985074626862,$lt$sexp$age$ns$la$nuc$exp$ld$entropy$Buggy,RF,CFS,0.85,0.87,0.4,0.6249852880956119,6,0.4878917378917379,0.7313432835820896
ajenti,RESAMPLE_150_25_25,50,1398006198,50,67,50.0,19.402985074626862,$lt$sexp$age$ns$la$nuc$exp$ld$entropy$Buggy,NB,CFS,0.92,0.87,0.42,0.6178437267553865,6,0.5263532763532763,0.7164179104477612
ajenti,RESAMPLE_150_25_25,50,1398006198,50,67,50.0,19.402985074626862,$lt$sexp$age$ns$la$nuc$exp$ld$entropy$Buggy,SVM,CFS,0.46,0.35,0.49,0.4548299429753632,3,0.5548433048433049,0.3880597014925373
ajenti,RESAMPLE_300_25_25,50,1398006198,50,67,50.0,19.402985074626862,$la$sexp$entropy$exp$nuc$lt$ld$age$Buggy,KNN,CFS,0.46,0.37,0.49,0.4621228406228435,6,0.5455840455840456,0.4029850746268657
ajenti,RESAMPLE_300_25_25,50,1398006198,50,67,50.0,19.402985074626862,$la$sexp$entropy$exp$nuc$lt$ld$age$Buggy,DT,CFS,0.85,0.74,0.58,0.5349605051059356,9,0.5527065527065527,0.6268656716417911
ajenti,RESAMPLE_300_25_25,50,1398006198,50,67,50.0,19.402985074626862,$la$sexp$entropy$exp$nuc$lt$ld$age$Buggy,LR,CFS,0.46,0.44,0.48,0.4936961072359684,7,0.5085470085470086,0.4626865671641791
ajenti,RESAMPLE_300_25_25,50,1398006198,50,67,50.0,19.402985074626862,$la$sexp$entropy$exp$nuc$lt$ld$age$Buggy,RF,CFS,0.54,0.61,0.5,0.5415138694450711,4,0.4636752136752136,0.582089552238806
ajenti,RESAMPLE_300_25_25,50,1398006198,50,67,50.0,19.402985074626862,$la$sexp$entropy$exp$nuc$lt$ld$age$Buggy,NB,CFS,0.85,0.83,0.47,0.599213269002656,5,0.5064102564102564,0.7014925373134329
ajenti,RESAMPLE_300_25_25,50,1398006198,50,67,50.0,19.402985074626862,$la$sexp$entropy$exp$nuc$lt$ld$age$Buggy,SVM,CFS,0.46,0.56,0.46,0.5470753164377866,5,0.452991452991453,0.5522388059701493
ajenti,RESAMPLE_25_25,50,1398006198,50,67,50.0,19.402985074626862,$ld$age$la$lt$exp$sexp$Buggy,KNN,CFS,0.38,0.22,0.42,0.4626450804350208,1,0.5811965811965811,0.29850746268656714
ajenti,RESAMPLE_25_25,50,1398006198,50,67,50.0,19.402985074626862,$ld$age$la$lt$exp$sexp$Buggy,DT,CFS,0.15,0.17,0.18,0.6098172304628349,1,0.4935897435897436,0.29850746268656714
ajenti,RESAMPLE_25_25,50,1398006198,50,67,50.0,19.402985074626862,$ld$age$la$lt$exp$sexp$Buggy,LR,CFS,0.62,0.59,0.56,0.4995472824860779,10,0.5113960113960114,0.5522388059701493
ajenti,RESAMPLE_25_25,50,1398006198,50,67,50.0,19.402985074626862,$ld$age$la$lt$exp$sexp$Buggy,RF,CFS,0.54,0.37,0.56,0.4184447172133824,3,0.5840455840455839,0.3880597014925373
ajenti,RESAMPLE_25_25,50,1398006198,50,67,50.0,19.402985074626862,$ld$age$la$lt$exp$sexp$Buggy,NB,CFS,0.54,0.72,0.46,0.6060621625505485,8,0.4081196581196581,0.6716417910447762
ajenti,RESAMPLE_25_25,50,1398006198,50,67,50.0,19.402985074626862,$ld$age$la$lt$exp$sexp$Buggy,SVM,CFS,0.15,0.07,0.18,0.6006093987821362,0,0.5398860398860399,0.22388059701492535
ajenti,RESAMPLE_150_25_25,50,1406240002,50,179,50.0,17.877094972067038,$age$ns$ld$sexp$ndev$la$Buggy,KNN,CFS,0.59,0.28,0.61,0.3484470715776213,2,0.6574192176870748,0.3016759776536313
ajenti,RESAMPLE_150_25_25,50,1406240002,50,179,50.0,17.877094972067038,$age$ns$ld$sexp$ndev$la$Buggy,DT,CFS,0.69,0.75,0.51,0.5734143885120186,6,0.4696003401360544,0.6703910614525139
ajenti,RESAMPLE_150_25_25,50,1406240002,50,179,50.0,17.877094972067038,$age$ns$ld$sexp$ndev$la$Buggy,LR,CFS,0.62,0.6,0.56,0.4994968458455688,6,0.5131802721088435,0.5586592178770949
ajenti,RESAMPLE_150_25_25,50,1406240002,50,179,50.0,17.877094972067038,$age$ns$ld$sexp$ndev$la$Buggy,RF,CFS,0.47,0.41,0.49,0.4737213387875598,7,0.5302933673469388,0.4301675977653631
ajenti,RESAMPLE_150_25_25,50,1406240002,50,179,50.0,17.877094972067038,$age$ns$ld$sexp$ndev$la$Buggy,NB,CFS,0.0,0.0,0.0,0.7071067811865475,0,0.5,0.1787709497206704
ajenti,RESAMPLE_150_25_25,50,1406240002,50,179,50.0,17.877094972067038,$age$ns$ld$sexp$ndev$la$Buggy,SVM,CFS,0.56,0.33,0.58,0.38602363317096783,2,0.6179846938775511,0.3463687150837989
ajenti,RESAMPLE_300_25_25,50,1406240002,50,179,50.0,17.877094972067038,$la$age$ld$lt$entropy$exp$Buggy,KNN,CFS,0.62,0.33,0.63,0.35477888262346663,2,0.6458333333333334,0.3407821229050279
ajenti,RESAMPLE_300_25_25,50,1406240002,50,179,50.0,17.877094972067038,$la$age$ld$lt$entropy$exp$Buggy,DT,CFS,0.81,0.54,0.7,0.4024742822008368,0,0.6375425170068026,0.4748603351955307
ajenti,RESAMPLE_300_25_25,50,1406240002,50,179,50.0,17.877094972067038,$la$age$ld$lt$entropy$exp$Buggy,LR,CFS,0.66,0.42,0.64,0.3847420597698377,4,0.6172406462585034,0.40782122905027934
ajenti,RESAMPLE_300_25_25,50,1406240002,50,179,50.0,17.877094972067038,$la$age$ld$lt$entropy$exp$Buggy,RF,CFS,0.34,0.24,0.38,0.4936362045594042,2,0.5528273809523809,0.3128491620111732
ajenti,RESAMPLE_300_25_25,50,1406240002,50,179,50.0,17.877094972067038,$la$age$ld$lt$entropy$exp$Buggy,NB,CFS,0.81,0.55,0.7,0.4115700063248119,7,0.6307397959183674,0.4860335195530726
ajenti,RESAMPLE_300_25_25,50,1406240002,50,179,50.0,17.877094972067038,$la$age$ld$lt$entropy$exp$Buggy,SVM,CFS,0.59,0.47,0.58,0.43895553712177576,3,0.5621811224489796,0.4581005586592179
ajenti,RESAMPLE_25_25,50,1406240002,50,179,50.0,17.877094972067038,$nuc$lt$la$exp$sexp$entropy$Buggy,KNN,CFS,0.56,0.29,0.58,0.3694853874385456,2,0.6383928571428572,0.3128491620111732
ajenti,RESAMPLE_25_25,50,1406240002,50,179,50.0,17.877094972067038,$nuc$lt$la$exp$sexp$entropy$Buggy,DT,CFS,0.5,0.34,0.53,0.4276052709670499,6,0.5799319727891157,0.3687150837988827
ajenti,RESAMPLE_25_25,50,1406240002,50,179,50.0,17.877094972067038,$nuc$lt$la$exp$sexp$entropy$Buggy,LR,CFS,0.28,0.24,0.32,0.5353928020171863,2,0.5215773809523809,0.3240223463687151
ajenti,RESAMPLE_25_25,50,1406240002,50,179,50.0,17.877094972067038,$nuc$lt$la$exp$sexp$entropy$Buggy,RF,CFS,0.5,0.2,0.54,0.3818699469625353,2,0.6479591836734693,0.2569832402234637
ajenti,RESAMPLE_25_25,50,1406240002,50,179,50.0,17.877094972067038,$nuc$lt$la$exp$sexp$entropy$Buggy,NB,CFS,0.31,0.4,0.34,0.5629149742433212,4,0.4555697278911565,0.452513966480447
ajenti,RESAMPLE_25_25,50,1406240002,50,179,50.0,17.877094972067038,$nuc$lt$la$exp$sexp$entropy$Buggy,SVM,CFS,0.31,0.22,0.35,0.511396088404805,2,0.5440051020408163,0.30726256983240224
ajenti,RESAMPLE_150_25_25,50,1504640040,50,203,50.0,7.389162561576356,$la$lt$exp$sexp$ns$age$Buggy,KNN,CFS,0.87,0.54,0.74,0.3914065624487038,0,0.6647163120567375,0.5073891625615764
ajenti,RESAMPLE_150_25_25,50,1504640040,50,203,50.0,7.389162561576356,$la$lt$exp$sexp$ns$age$Buggy,DT,CFS,0.73,0.57,0.64,0.4478418760661544,1,0.5794326241134752,0.5517241379310345
ajenti,RESAMPLE_150_25_25,50,1504640040,50,203,50.0,7.389162561576356,$la$lt$exp$sexp$ns$age$Buggy,LR,CFS,0.87,0.53,0.74,0.3877571610102029,0,0.6673758865248227,0.5024630541871922
ajenti,RESAMPLE_150_25_25,50,1504640040,50,203,50.0,7.389162561576356,$la$lt$exp$sexp$ns$age$Buggy,RF,CFS,0.8,0.69,0.61,0.5053857738833174,0,0.5569148936170213,0.6502463054187192
ajenti,RESAMPLE_150_25_25,50,1504640040,50,203,50.0,7.389162561576356,$la$lt$exp$sexp$ns$age$Buggy,NB,CFS,0.73,0.57,0.64,0.4444331348216489,0,0.5820921985815602,0.5467980295566502
ajenti,RESAMPLE_150_25_25,50,1504640040,50,203,50.0,7.389162561576356,$la$lt$exp$sexp$ns$age$Buggy,SVM,CFS,0.67,0.47,0.64,0.409403651709037,0,0.5966312056737588,0.4630541871921182
ajenti,RESAMPLE_300_25_25,50,1504640040,50,203,50.0,7.389162561576356,$la$lt$exp$sexp$entropy$Buggy,KNN,CFS,0.6,0.29,0.62,0.3504192987341102,0,0.6537234042553189,0.30049261083743845
ajenti,RESAMPLE_300_25_25,50,1504640040,50,203,50.0,7.389162561576356,$la$lt$exp$sexp$entropy$Buggy,DT,CFS,0.53,0.24,0.56,0.3725899197878935,0,0.6443262411347518,0.2610837438423645
ajenti,RESAMPLE_300_25_25,50,1504640040,50,203,50.0,7.389162561576356,$la$lt$exp$sexp$entropy$Buggy,LR,CFS,0.53,0.29,0.56,0.3874797884917524,0,0.6230496453900709,0.30049261083743845
ajenti,RESAMPLE_300_25_25,50,1504640040,50,203,50.0,7.389162561576356,$la$lt$exp$sexp$entropy$Buggy,RF,CFS,0.73,0.55,0.65,0.4308568280267013,0,0.5927304964539007,0.5270935960591133
ajenti,RESAMPLE_300_25_25,50,1504640040,50,203,50.0,7.389162561576356,$la$lt$exp$sexp$entropy$Buggy,NB,CFS,0.4,0.26,0.44,0.4610790972346774,0,0.5723404255319149,0.2807881773399015
ajenti,RESAMPLE_300_25_25,50,1504640040,50,203,50.0,7.389162561576356,$la$lt$exp$sexp$entropy$Buggy,SVM,CFS,0.53,0.29,0.56,0.3874797884917524,0,0.6230496453900709,0.30049261083743845
ajenti,RESAMPLE_25_25,50,1504640040,50,203,50.0,7.389162561576356,$la$lt$sexp$entropy$exp$ld$Buggy,KNN,CFS,0.47,0.26,0.51,0.4181102200723719,4,0.6056737588652483,0.27586206896551724
ajenti,RESAMPLE_25_25,50,1504640040,50,203,50.0,7.389162561576356,$la$lt$sexp$entropy$exp$ld$Buggy,DT,CFS,0.6,0.31,0.62,0.35950600506484204,0,0.6430851063829788,0.32019704433497537
ajenti,RESAMPLE_25_25,50,1504640040,50,203,50.0,7.389162561576356,$la$lt$sexp$entropy$exp$ld$Buggy,LR,CFS,0.73,0.24,0.74,0.2559099743937613,1,0.7443262411347518,0.24630541871921185
ajenti,RESAMPLE_25_25,50,1504640040,50,203,50.0,7.389162561576356,$la$lt$sexp$entropy$exp$ld$Buggy,RF,CFS,0.53,0.27,0.56,0.3816862384057098,0,0.6310283687943262,0.2857142857142857
ajenti,RESAMPLE_25_25,50,1504640040,50,203,50.0,7.389162561576356,$la$lt$sexp$entropy$exp$ld$Buggy,NB,CFS,0.67,0.51,0.62,0.4311975083213446,0,0.5780141843971631,0.4975369458128079
ajenti,RESAMPLE_25_25,50,1504640040,50,203,50.0,7.389162561576356,$la$lt$sexp$entropy$exp$ld$Buggy,SVM,CFS,0.27,0.15,0.31,0.5291312505302554,5,0.5588652482269504,0.1921182266009852
ajenti,ALL,347,1310727012,436,18,50.0,61.111111111111114,$la$entropy$age$ld$ns$lt$exp$Buggy,KNN,CFS,0.82,0.57,0.69,0.4240214991510261,0,0.6233766233766235,0.3333333333333333
ajenti,ALL,347,1310727012,436,18,50.0,61.111111111111114,$la$entropy$age$ld$ns$lt$exp$Buggy,DT,CFS,0.73,0.43,0.69,0.3592030308036189,0,0.6493506493506493,0.3333333333333333
ajenti,ALL,347,1310727012,436,18,50.0,61.111111111111114,$la$entropy$age$ld$ns$lt$exp$Buggy,LR,CFS,0.91,0.71,0.64,0.5091505398418872,0,0.5974025974025974,0.3333333333333333
ajenti,ALL,347,1310727012,436,18,50.0,61.111111111111114,$la$entropy$age$ld$ns$lt$exp$Buggy,RF,CFS,0.82,0.43,0.75,0.3291893988477032,0,0.6948051948051949,0.2777777777777778
ajenti,ALL,347,1310727012,436,18,50.0,61.111111111111114,$la$entropy$age$ld$ns$lt$exp$Buggy,NB,CFS,1.0,0.71,0.67,0.5050762722761053,0,0.6428571428571428,0.2777777777777778
ajenti,ALL,347,1310727012,436,18,50.0,61.111111111111114,$la$entropy$age$ld$ns$lt$exp$Buggy,SVM,CFS,0.82,0.43,0.75,0.3291893988477032,0,0.6948051948051949,0.2777777777777778
ajenti,3MONTHS,52,1310727012,66,18,50.0,61.111111111111114,$la$entropy$ld$lt$exp$ndev$Buggy,KNN,CFS,0.73,0.29,0.73,0.2792962749039813,0,0.7207792207792209,0.2777777777777778
ajenti,3MONTHS,52,1310727012,66,18,50.0,61.111111111111114,$la$entropy$ld$lt$exp$ndev$Buggy,DT,CFS,0.73,0.43,0.69,0.3592030308036189,0,0.6493506493506493,0.3333333333333333
ajenti,3MONTHS,52,1310727012,66,18,50.0,61.111111111111114,$la$entropy$ld$lt$exp$ndev$Buggy,LR,CFS,0.82,0.57,0.69,0.4240214991510261,0,0.6233766233766235,0.3333333333333333
ajenti,3MONTHS,52,1310727012,66,18,50.0,61.111111111111114,$la$entropy$ld$lt$exp$ndev$Buggy,RF,CFS,0.82,0.29,0.8,0.23946868720241266,0,0.7662337662337664,0.2222222222222222
ajenti,3MONTHS,52,1310727012,66,18,50.0,61.111111111111114,$la$entropy$ld$lt$exp$ndev$Buggy,NB,CFS,1.0,0.71,0.67,0.5050762722761053,0,0.6428571428571428,0.2777777777777778
ajenti,3MONTHS,52,1310727012,66,18,50.0,61.111111111111114,$la$entropy$ld$lt$exp$ndev$Buggy,SVM,CFS,0.82,0.43,0.75,0.3291893988477032,0,0.6948051948051949,0.2777777777777778
ajenti,6MONTHS,52,1310727012,66,18,50.0,61.111111111111114,$la$entropy$lt$ld$ndev$exp$Buggy,KNN,CFS,0.82,0.43,0.75,0.3291893988477032,0,0.6948051948051949,0.2777777777777778
ajenti,6MONTHS,52,1310727012,66,18,50.0,61.111111111111114,$la$entropy$lt$ld$ndev$exp$Buggy,DT,CFS,0.73,0.43,0.69,0.3592030308036189,0,0.6493506493506493,0.3333333333333333
ajenti,6MONTHS,52,1310727012,66,18,50.0,61.111111111111114,$la$entropy$lt$ld$ndev$exp$Buggy,LR,CFS,0.82,0.57,0.69,0.4240214991510261,0,0.6233766233766235,0.3333333333333333
ajenti,6MONTHS,52,1310727012,66,18,50.0,61.111111111111114,$la$entropy$lt$ld$ndev$exp$Buggy,RF,CFS,0.73,0.29,0.73,0.2792962749039813,0,0.7207792207792209,0.2777777777777778
ajenti,6MONTHS,52,1310727012,66,18,50.0,61.111111111111114,$la$entropy$lt$ld$ndev$exp$Buggy,NB,CFS,1.0,0.71,0.67,0.5050762722761053,0,0.6428571428571428,0.2777777777777778
ajenti,6MONTHS,52,1310727012,66,18,50.0,61.111111111111114,$la$entropy$lt$ld$ndev$exp$Buggy,SVM,CFS,0.82,0.43,0.75,0.3291893988477032,0,0.6948051948051949,0.2777777777777778
ajenti,ALL,365,1312988839,450,17,50.0,58.82352941176471,$la$entropy$age$lt$ns$ld$exp$sexp$nuc$Buggy,KNN,CFS,0.6,0.14,0.64,0.3003399434518377,0,0.7285714285714286,0.29411764705882354
ajenti,ALL,365,1312988839,450,17,50.0,58.82352941176471,$la$entropy$age$lt$ns$ld$exp$sexp$nuc$Buggy,DT,CFS,0.5,0.14,0.55,0.36770107646382144,0,0.6785714285714286,0.35294117647058826
ajenti,ALL,365,1312988839,450,17,50.0,58.82352941176471,$la$entropy$age$lt$ns$ld$exp$sexp$nuc$Buggy,LR,CFS,0.9,0.14,0.89,0.12330483215451475,0,0.8785714285714286,0.1176470588235294
ajenti,ALL,365,1312988839,450,17,50.0,58.82352941176471,$la$entropy$age$lt$ns$ld$exp$sexp$nuc$Buggy,RF,CFS,0.6,0.14,0.64,0.3003399434518377,0,0.7285714285714286,0.29411764705882354
ajenti,ALL,365,1312988839,450,17,50.0,58.82352941176471,$la$entropy$age$lt$ns$ld$exp$sexp$nuc$Buggy,NB,CFS,0.9,0.43,0.81,0.31118601301131377,1,0.7357142857142857,0.2352941176470588
ajenti,ALL,365,1312988839,450,17,50.0,58.82352941176471,$la$entropy$age$lt$ns$ld$exp$sexp$nuc$Buggy,SVM,CFS,0.9,0.0,0.92,0.07071067811865474,0,0.95,0.05882352941176471
ajenti,3MONTHS,70,1312988839,80,17,50.0,58.82352941176471,$la$entropy$lt$nuc$ndev$exp$sexp$nf$ld$Buggy,KNN,CFS,0.8,0.14,0.81,0.17379321515137766,0,0.8285714285714286,0.17647058823529413
ajenti,3MONTHS,70,1312988839,80,17,50.0,58.82352941176471,$la$entropy$lt$nuc$ndev$exp$sexp$nf$ld$Buggy,DT,CFS,0.4,0.0,0.45,0.4242640687119285,0,0.7,0.35294117647058826
ajenti,3MONTHS,70,1312988839,80,17,50.0,58.82352941176471,$la$entropy$lt$nuc$ndev$exp$sexp$nf$ld$Buggy,LR,CFS,0.9,0.0,0.92,0.07071067811865474,0,0.95,0.05882352941176471
ajenti,3MONTHS,70,1312988839,80,17,50.0,58.82352941176471,$la$entropy$lt$nuc$ndev$exp$sexp$nf$ld$Buggy,RF,CFS,0.7,0.0,0.74,0.21213203435596428,0,0.85,0.17647058823529413
ajenti,3MONTHS,70,1312988839,80,17,50.0,58.82352941176471,$la$entropy$lt$nuc$ndev$exp$sexp$nf$ld$Buggy,NB,CFS,0.9,0.29,0.85,0.21404748662530992,0,0.8071428571428572,0.17647058823529413
ajenti,3MONTHS,70,1312988839,80,17,50.0,58.82352941176471,$la$entropy$lt$nuc$ndev$exp$sexp$nf$ld$Buggy,SVM,CFS,0.9,0.0,0.92,0.07071067811865474,0,0.95,0.05882352941176471
ajenti,6MONTHS,70,1312988839,80,17,50.0,58.82352941176471,$lt$entropy$nuc$ndev$la$exp$sexp$nf$ld$Buggy,KNN,CFS,0.6,0.14,0.64,0.3003399434518377,0,0.7285714285714286,0.29411764705882354
ajenti,6MONTHS,70,1312988839,80,17,50.0,58.82352941176471,$lt$entropy$nuc$ndev$la$exp$sexp$nf$ld$Buggy,DT,CFS,0.4,0.0,0.45,0.4242640687119285,0,0.7,0.35294117647058826
ajenti,6MONTHS,70,1312988839,80,17,50.0,58.82352941176471,$lt$entropy$nuc$ndev$la$exp$sexp$nf$ld$Buggy,LR,CFS,0.9,0.0,0.92,0.07071067811865474,0,0.95,0.05882352941176471
ajenti,6MONTHS,70,1312988839,80,17,50.0,58.82352941176471,$lt$entropy$nuc$ndev$la$exp$sexp$nf$ld$Buggy,RF,CFS,0.8,0.14,0.81,0.17379321515137766,0,0.8285714285714286,0.17647058823529413
ajenti,6MONTHS,70,1312988839,80,17,50.0,58.82352941176471,$lt$entropy$nuc$ndev$la$exp$sexp$nf$ld$Buggy,NB,CFS,0.9,0.29,0.85,0.21404748662530992,0,0.8071428571428572,0.17647058823529413
ajenti,6MONTHS,70,1312988839,80,17,50.0,58.82352941176471,$lt$entropy$nuc$ndev$la$exp$sexp$nf$ld$Buggy,SVM,CFS,0.9,0.0,0.92,0.07071067811865474,0,0.95,0.05882352941176471
ajenti,RECENT_RELEASE,1310727012,1312988839,22,17,50.0,58.82352941176471,$ld$nuc$ndev$entropy$la$lt$age$exp$sexp$Buggy,KNN,CFS,0.9,0.29,0.85,0.21404748662530992,0,0.8071428571428572,0.17647058823529413
ajenti,RECENT_RELEASE,1310727012,1312988839,22,17,50.0,58.82352941176471,$ld$nuc$ndev$entropy$la$lt$age$exp$sexp$Buggy,DT,CFS,0.9,0.43,0.81,0.31118601301131377,1,0.7357142857142857,0.2352941176470588
ajenti,RECENT_RELEASE,1310727012,1312988839,22,17,50.0,58.82352941176471,$ld$nuc$ndev$entropy$la$lt$age$exp$sexp$Buggy,LR,CFS,0.9,0.0,0.92,0.07071067811865474,0,0.95,0.05882352941176471
ajenti,RECENT_RELEASE,1310727012,1312988839,22,17,50.0,58.82352941176471,$ld$nuc$ndev$entropy$la$lt$age$exp$sexp$Buggy,RF,CFS,0.9,0.14,0.89,0.12330483215451475,0,0.8785714285714286,0.1176470588235294
ajenti,RECENT_RELEASE,1310727012,1312988839,22,17,50.0,58.82352941176471,$ld$nuc$ndev$entropy$la$lt$age$exp$sexp$Buggy,NB,CFS,0.9,0.29,0.85,0.21404748662530992,0,0.8071428571428572,0.17647058823529413
ajenti,RECENT_RELEASE,1310727012,1312988839,22,17,50.0,58.82352941176471,$ld$nuc$ndev$entropy$la$lt$age$exp$sexp$Buggy,SVM,CFS,0.9,0.14,0.89,0.12330483215451475,0,0.8785714285714286,0.1176470588235294
ajenti,ALL,393,1318502993,466,48,50.0,41.66666666666666,$la$entropy$age$ns$lt$ld$exp$sexp$nuc$Buggy,KNN,CFS,0.8,0.5,0.71,0.3807886552931954,0,0.65,0.375
ajenti,ALL,393,1318502993,466,48,50.0,41.66666666666666,$la$entropy$age$ns$lt$ld$exp$sexp$nuc$Buggy,DT,CFS,0.7,0.75,0.51,0.5711829829397931,0,0.475,0.5625
ajenti,ALL,393,1318502993,466,48,50.0,41.66666666666666,$la$entropy$age$ns$lt$ld$exp$sexp$nuc$Buggy,LR,CFS,0.85,0.61,0.69,0.4422230483475458,0,0.6214285714285714,0.4166666666666667
ajenti,ALL,393,1318502993,466,48,50.0,41.66666666666666,$la$entropy$age$ns$lt$ld$exp$sexp$nuc$Buggy,RF,CFS,1.0,0.68,0.7,0.4798224586623001,0,0.6607142857142857,0.3958333333333333
ajenti,ALL,393,1318502993,466,48,50.0,41.66666666666666,$la$entropy$age$ns$lt$ld$exp$sexp$nuc$Buggy,NB,CFS,1.0,0.75,0.62,0.5303300858899106,0,0.625,0.4375
ajenti,ALL,393,1318502993,466,48,50.0,41.66666666666666,$la$entropy$age$ns$lt$ld$exp$sexp$nuc$Buggy,SVM,CFS,0.85,0.61,0.69,0.4422230483475458,0,0.6214285714285714,0.4166666666666667
ajenti,3MONTHS,67,1318502993,82,48,50.0,41.66666666666666,$ld$ndev$nuc$entropy$la$age$exp$Buggy,KNN,CFS,0.8,0.54,0.7,0.4043450234134008,0,0.6321428571428571,0.3958333333333333
ajenti,3MONTHS,67,1318502993,82,48,50.0,41.66666666666666,$ld$ndev$nuc$entropy$la$age$exp$Buggy,DT,CFS,0.7,0.5,0.65,0.4123105625617661,0,0.6,0.4166666666666667
ajenti,3MONTHS,67,1318502993,82,48,50.0,41.66666666666666,$ld$ndev$nuc$entropy$la$age$exp$Buggy,LR,CFS,0.8,0.57,0.68,0.4280949732506199,0,0.6142857142857143,0.4166666666666667
ajenti,3MONTHS,67,1318502993,82,48,50.0,41.66666666666666,$ld$ndev$nuc$entropy$la$age$exp$Buggy,RF,CFS,0.8,0.57,0.68,0.4280949732506199,0,0.6142857142857143,0.4166666666666667
ajenti,3MONTHS,67,1318502993,82,48,50.0,41.66666666666666,$ld$ndev$nuc$entropy$la$age$exp$Buggy,NB,CFS,0.95,0.61,0.74,0.4307681795232743,0,0.6714285714285715,0.375
ajenti,3MONTHS,67,1318502993,82,48,50.0,41.66666666666666,$ld$ndev$nuc$entropy$la$age$exp$Buggy,SVM,CFS,1.0,0.61,0.76,0.4293148314346895,0,0.6964285714285714,0.3541666666666667
ajenti,6MONTHS,98,1318502993,100,48,50.0,41.66666666666666,$nuc$exp$sexp$ndev$lt$ld$la$entropy$age$Buggy,KNN,CFS,0.8,0.57,0.68,0.4280949732506199,0,0.6142857142857143,0.4166666666666667
ajenti,6MONTHS,98,1318502993,100,48,50.0,41.66666666666666,$nuc$exp$sexp$ndev$lt$ld$la$entropy$age$Buggy,DT,CFS,0.85,0.68,0.64,0.4914057303661962,0,0.5857142857142857,0.4583333333333333
ajenti,6MONTHS,98,1318502993,100,48,50.0,41.66666666666666,$nuc$exp$sexp$ndev$lt$ld$la$entropy$age$Buggy,LR,CFS,0.85,0.57,0.71,0.4177502915887061,0,0.6392857142857142,0.3958333333333333
ajenti,6MONTHS,98,1318502993,100,48,50.0,41.66666666666666,$nuc$exp$sexp$ndev$lt$ld$la$entropy$age$Buggy,RF,CFS,0.9,0.64,0.69,0.4600354910887034,0,0.6285714285714286,0.4166666666666667
ajenti,6MONTHS,98,1318502993,100,48,50.0,41.66666666666666,$nuc$exp$sexp$ndev$lt$ld$la$entropy$age$Buggy,NB,CFS,1.0,0.68,0.7,0.4798224586623001,0,0.6607142857142857,0.3958333333333333
ajenti,6MONTHS,98,1318502993,100,48,50.0,41.66666666666666,$nuc$exp$sexp$ndev$lt$ld$la$entropy$age$Buggy,SVM,CFS,0.95,0.61,0.74,0.4307681795232743,0,0.6714285714285715,0.375
ajenti,ALL,493,1334396529,610,78,50.0,8.974358974358974,$la$entropy$age$ld$ns$lt$exp$Buggy,KNN,CFS,0.57,0.15,0.61,0.3222395408397091,11,0.7082494969818913,0.1794871794871795
ajenti,ALL,493,1334396529,610,78,50.0,8.974358974358974,$la$entropy$age$ld$ns$lt$exp$Buggy,DT,CFS,0.57,0.18,0.61,0.3295440513915332,8,0.6941649899396378,0.20512820512820512
ajenti,ALL,493,1334396529,610,78,50.0,8.974358974358974,$la$entropy$age$ld$ns$lt$exp$Buggy,LR,CFS,0.71,0.13,0.74,0.22102137169254796,7,0.7937625754527163,0.14102564102564102
ajenti,ALL,493,1334396529,610,78,50.0,8.974358974358974,$la$entropy$age$ld$ns$lt$exp$Buggy,RF,CFS,0.43,0.1,0.48,0.4100310389698804,6,0.6649899396378269,0.14102564102564102
ajenti,ALL,493,1334396529,610,78,50.0,8.974358974358974,$la$entropy$age$ld$ns$lt$exp$Buggy,NB,CFS,0.29,0.27,0.33,0.5393592758429488,14,0.5090543259557344,0.3076923076923077
ajenti,ALL,493,1334396529,610,78,50.0,8.974358974358974,$la$entropy$age$ld$ns$lt$exp$Buggy,SVM,CFS,0.57,0.11,0.61,0.3133443497652747,8,0.7293762575452717,0.14102564102564102
ajenti,3MONTHS,111,1334396529,146,78,50.0,8.974358974358974,$ld$entropy$ndev$la$nuc$lt$age$ns$Buggy,KNN,CFS,0.29,0.14,0.33,0.5148016197988221,10,0.5724346076458752,0.19230769230769232
ajenti,3MONTHS,111,1334396529,146,78,50.0,8.974358974358974,$ld$entropy$ndev$la$nuc$lt$age$ns$Buggy,DT,CFS,0.29,0.15,0.33,0.5168206921196514,10,0.5653923541247484,0.20512820512820512
ajenti,3MONTHS,111,1334396529,146,78,50.0,8.974358974358974,$ld$entropy$ndev$la$nuc$lt$age$ns$Buggy,LR,CFS,0.29,0.08,0.34,0.5085988211857609,5,0.6006036217303822,0.14102564102564102
ajenti,3MONTHS,111,1334396529,146,78,50.0,8.974358974358974,$ld$entropy$ndev$la$nuc$lt$age$ns$Buggy,RF,CFS,0.14,0.08,0.17,0.609030096851321,6,0.5291750503018109,0.15384615384615385
ajenti,3MONTHS,111,1334396529,146,78,50.0,8.974358974358974,$ld$entropy$ndev$la$nuc$lt$age$ns$Buggy,NB,CFS,0.14,0.23,0.17,0.6266886995305494,11,0.4587525150905432,0.28205128205128205
ajenti,3MONTHS,111,1334396529,146,78,50.0,8.974358974358974,$ld$entropy$ndev$la$nuc$lt$age$ns$Buggy,SVM,CFS,0.57,0.11,0.61,0.3133443497652747,7,0.7293762575452717,0.14102564102564102
ajenti,6MONTHS,198,1334396529,240,78,50.0,8.974358974358974,$la$entropy$ndev$ld$nuc$exp$ns$lt$Buggy,KNN,CFS,0.29,0.14,0.33,0.5148016197988221,10,0.5724346076458752,0.19230769230769232
ajenti,6MONTHS,198,1334396529,240,78,50.0,8.974358974358974,$la$entropy$ndev$ld$nuc$exp$ns$lt$Buggy,DT,CFS,0.29,0.2,0.33,0.5239681555222692,13,0.5442655935613682,0.2435897435897436
ajenti,6MONTHS,198,1334396529,240,78,50.0,8.974358974358974,$la$entropy$ndev$ld$nuc$exp$ns$lt$Buggy,LR,CFS,0.71,0.1,0.74,0.21372054961300008,5,0.8078470824949698,0.1153846153846154
ajenti,6MONTHS,198,1334396529,240,78,50.0,8.974358974358974,$la$entropy$ndev$ld$nuc$exp$ns$lt$Buggy,RF,CFS,0.29,0.1,0.34,0.5098648719147035,7,0.5935613682092554,0.15384615384615385
ajenti,6MONTHS,198,1334396529,240,78,50.0,8.974358974358974,$la$entropy$ndev$ld$nuc$exp$ns$lt$Buggy,NB,CFS,0.43,0.27,0.47,0.4461745104148741,13,0.5804828973843058,0.2948717948717949
ajenti,6MONTHS,198,1334396529,240,78,50.0,8.974358974358974,$la$entropy$ndev$ld$nuc$exp$ns$lt$Buggy,SVM,CFS,0.57,0.08,0.62,0.30888097187929325,6,0.7434607645875252,0.1153846153846154
ajenti,ALL,571,1367089572,752,269,50.0,48.69888475836432,$la$entropy$ld$lt$ns$age$exp$sexp$nuc$Buggy,KNN,CFS,0.44,0.2,0.48,0.4244192771801873,2,0.6161079765460781,0.379182156133829
ajenti,ALL,571,1367089572,752,269,50.0,48.69888475836432,$la$entropy$ld$lt$ns$age$exp$sexp$nuc$Buggy,DT,CFS,0.4,0.25,0.44,0.4576294987703,5,0.5754784821329794,0.4200743494423792
ajenti,ALL,571,1367089572,752,269,50.0,48.69888475836432,$la$entropy$ld$lt$ns$age$exp$sexp$nuc$Buggy,LR,CFS,0.67,0.29,0.68,0.3096451735276749,0,0.6909503263635358,0.30855018587360594
ajenti,ALL,571,1367089572,752,269,50.0,48.69888475836432,$la$entropy$ld$lt$ns$age$exp$sexp$nuc$Buggy,RF,CFS,0.45,0.17,0.5,0.4061145627336514,1,0.6418575063613231,0.3531598513011153
ajenti,ALL,571,1367089572,752,269,50.0,48.69888475836432,$la$entropy$ld$lt$ns$age$exp$sexp$nuc$Buggy,NB,CFS,0.96,0.64,0.72,0.4517156476379074,0,0.6620754508242063,0.34572490706319703
ajenti,ALL,571,1367089572,752,269,50.0,48.69888475836432,$la$entropy$ld$lt$ns$age$exp$sexp$nuc$Buggy,SVM,CFS,0.49,0.2,0.53,0.3872087719027636,0,0.6464487222037836,0.3494423791821561
ajenti,6MONTHS,127,1367089572,228,269,50.0,48.69888475836432,$ns$ld$entropy$ndev$la$Buggy,KNN,CFS,0.27,0.11,0.31,0.5185154283039961,0,0.5830567540657152,0.40892193308550173
ajenti,6MONTHS,127,1367089572,228,269,50.0,48.69888475836432,$ns$ld$entropy$ndev$la$Buggy,DT,CFS,0.15,0.09,0.18,0.6082079908947995,0,0.5254176346941033,0.4646840148698885
ajenti,6MONTHS,127,1367089572,228,269,50.0,48.69888475836432,$ns$ld$entropy$ndev$la$Buggy,LR,CFS,0.42,0.2,0.46,0.4345946067494767,0,0.6084743887598185,0.3866171003717472
ajenti,6MONTHS,127,1367089572,228,269,50.0,48.69888475836432,$ns$ld$entropy$ndev$la$Buggy,RF,CFS,0.27,0.1,0.31,0.5231269429996278,1,0.5828631485783826,0.40892193308550173
ajenti,6MONTHS,127,1367089572,228,269,50.0,48.69888475836432,$ns$ld$entropy$ndev$la$Buggy,NB,CFS,0.72,0.33,0.71,0.3089377097900545,0,0.6921119592875319,0.30855018587360594
ajenti,6MONTHS,127,1367089572,228,269,50.0,48.69888475836432,$ns$ld$entropy$ndev$la$Buggy,SVM,CFS,0.39,0.12,0.44,0.4395345231177374,0,0.6366854740568647,0.35687732342007433
ajenti,RECENT_RELEASE,1334396529,1367089572,142,269,50.0,48.69888475836432,$ld$ns$entropy$la$exp$age$Buggy,KNN,CFS,0.4,0.17,0.45,0.43720851568225855,0,0.6189567430025447,0.3754646840148699
ajenti,RECENT_RELEASE,1334396529,1367089572,142,269,50.0,48.69888475836432,$ld$ns$entropy$la$exp$age$Buggy,DT,CFS,0.27,0.25,0.31,0.5432432584368458,8,0.5105929859497732,0.483271375464684
ajenti,RECENT_RELEASE,1334396529,1367089572,142,269,50.0,48.69888475836432,$ld$ns$entropy$la$exp$age$Buggy,LR,CFS,0.26,0.12,0.3,0.5307793589130215,0,0.5681767894678615,0.4237918215613383
ajenti,RECENT_RELEASE,1334396529,1367089572,142,269,50.0,48.69888475836432,$ld$ns$entropy$la$exp$age$Buggy,RF,CFS,0.11,0.05,0.13,0.6271668355949906,0,0.5318895895563669,0.4572490706319702
ajenti,RECENT_RELEASE,1334396529,1367089572,142,269,50.0,48.69888475836432,$ld$ns$entropy$la$exp$age$Buggy,NB,CFS,0.47,0.33,0.5,0.4426419825418799,3,0.5697809492200465,0.4275092936802974
ajenti,RECENT_RELEASE,1334396529,1367089572,142,269,50.0,48.69888475836432,$ld$ns$entropy$la$exp$age$Buggy,SVM,CFS,0.31,0.12,0.36,0.4988602110846872,0,0.5910775528266402,0.4014869888475837
ajenti,ALL,1194,1377985071,1578,17,50.0,35.29411764705883,$la$entropy$ld$age$ns$exp$lt$Buggy,KNN,CFS,0.0,0.18,0.0,0.7186994682200861,2,0.40909090909090906,0.4705882352941176
ajenti,ALL,1194,1377985071,1578,17,50.0,35.29411764705883,$la$entropy$ld$age$ns$exp$lt$Buggy,DT,CFS,0.5,0.27,0.53,0.40272829878793975,1,0.6136363636363635,0.35294117647058826
ajenti,ALL,1194,1377985071,1578,17,50.0,35.29411764705883,$la$entropy$ld$age$ns$exp$lt$Buggy,LR,CFS,0.33,0.27,0.37,0.5093253428476245,2,0.5303030303030303,0.4117647058823529
ajenti,ALL,1194,1377985071,1578,17,50.0,35.29411764705883,$la$entropy$ld$age$ns$exp$lt$Buggy,RF,CFS,0.0,0.09,0.0,0.7100226978096958,1,0.4545454545454545,0.4117647058823529
ajenti,ALL,1194,1377985071,1578,17,50.0,35.29411764705883,$la$entropy$ld$age$ns$exp$lt$Buggy,NB,CFS,0.5,0.45,0.51,0.4778135464006508,1,0.5227272727272727,0.4705882352941176
ajenti,ALL,1194,1377985071,1578,17,50.0,35.29411764705883,$la$entropy$ld$age$ns$exp$lt$Buggy,SVM,CFS,0.0,0.09,0.0,0.7100226978096958,1,0.4545454545454545,0.4117647058823529
ajenti,3MONTHS,295,1377985071,458,17,50.0,35.29411764705883,$entropy$ld$ns$la$ndev$age$nf$Buggy,KNN,CFS,0.33,0.18,0.37,0.4886216817150637,1,0.5757575757575757,0.35294117647058826
ajenti,3MONTHS,295,1377985071,458,17,50.0,35.29411764705883,$entropy$ld$ns$la$ndev$age$nf$Buggy,DT,CFS,0.5,0.55,0.49,0.5232211106009699,1,0.4772727272727273,0.5294117647058824
ajenti,3MONTHS,295,1377985071,458,17,50.0,35.29411764705883,$entropy$ld$ns$la$ndev$age$nf$Buggy,LR,CFS,0.17,0.18,0.2,0.6031178556816711,1,0.4924242424242424,0.4117647058823529
ajenti,3MONTHS,295,1377985071,458,17,50.0,35.29411764705883,$entropy$ld$ns$la$ndev$age$nf$Buggy,RF,CFS,0.0,0.09,0.0,0.7100226978096958,1,0.4545454545454545,0.4117647058823529
ajenti,3MONTHS,295,1377985071,458,17,50.0,35.29411764705883,$entropy$ld$ns$la$ndev$age$nf$Buggy,NB,CFS,0.33,0.45,0.36,0.5705506176897798,2,0.43939393939393934,0.5294117647058824
ajenti,3MONTHS,295,1377985071,458,17,50.0,35.29411764705883,$entropy$ld$ns$la$ndev$age$nf$Buggy,SVM,CFS,0.17,0.09,0.2,0.5927515952126834,1,0.5378787878787878,0.35294117647058826
ajenti,6MONTHS,354,1377985071,550,17,50.0,35.29411764705883,$ld$entropy$ns$la$fix$ndev$age$Buggy,KNN,CFS,0.33,0.18,0.37,0.4886216817150637,1,0.5757575757575757,0.35294117647058826
ajenti,6MONTHS,354,1377985071,550,17,50.0,35.29411764705883,$ld$entropy$ns$la$fix$ndev$age$Buggy,DT,CFS,0.5,0.45,0.51,0.4778135464006508,0,0.5227272727272727,0.4705882352941176
ajenti,6MONTHS,354,1377985071,550,17,50.0,35.29411764705883,$ld$entropy$ns$la$fix$ndev$age$Buggy,LR,CFS,0.33,0.27,0.37,0.5093253428476245,1,0.5303030303030303,0.4117647058823529
ajenti,6MONTHS,354,1377985071,550,17,50.0,35.29411764705883,$ld$entropy$ns$la$fix$ndev$age$Buggy,RF,CFS,0.17,0.09,0.2,0.5927515952126834,0,0.5378787878787878,0.35294117647058826
ajenti,6MONTHS,354,1377985071,550,17,50.0,35.29411764705883,$ld$entropy$ns$la$fix$ndev$age$Buggy,NB,CFS,0.33,0.45,0.36,0.5705506176897798,2,0.43939393939393934,0.5294117647058824
ajenti,6MONTHS,354,1377985071,550,17,50.0,35.29411764705883,$ld$entropy$ns$la$fix$ndev$age$Buggy,SVM,CFS,0.33,0.09,0.38,0.4757672263062904,1,0.6212121212121211,0.29411764705882354
ajenti,ALL,1490,1388499144,2068,25,50.0,28.0,$la$entropy$ld$ns$age$exp$lt$Buggy,KNN,CFS,0.0,0.11,0.0,0.7114582486036498,2,0.4444444444444444,0.36
ajenti,ALL,1490,1388499144,2068,25,50.0,28.0,$la$entropy$ld$ns$age$exp$lt$Buggy,DT,CFS,0.14,0.28,0.17,0.6371241524923462,2,0.4325396825396825,0.44
ajenti,ALL,1490,1388499144,2068,25,50.0,28.0,$la$entropy$ld$ns$age$exp$lt$Buggy,LR,CFS,0.14,0.39,0.17,0.6655555744835494,1,0.37698412698412703,0.52
ajenti,ALL,1490,1388499144,2068,25,50.0,28.0,$la$entropy$ld$ns$age$exp$lt$Buggy,RF,CFS,0.0,0.33,0.0,0.7453559924999299,6,0.33333333333333337,0.52
ajenti,ALL,1490,1388499144,2068,25,50.0,28.0,$la$entropy$ld$ns$age$exp$lt$Buggy,NB,CFS,0.29,0.22,0.33,0.5289550064429089,2,0.5317460317460316,0.36
ajenti,ALL,1490,1388499144,2068,25,50.0,28.0,$la$entropy$ld$ns$age$exp$lt$Buggy,SVM,CFS,0.0,0.06,0.0,0.7081971546656645,1,0.4722222222222222,0.32
ajenti,3MONTHS,237,1388499144,398,25,50.0,28.0,$ld$ns$entropy$la$ndev$nf$fix$Buggy,KNN,CFS,0.14,0.06,0.17,0.6073632756860209,1,0.5436507936507936,0.28
ajenti,3MONTHS,237,1388499144,398,25,50.0,28.0,$ld$ns$entropy$la$ndev$nf$fix$Buggy,DT,CFS,0.29,0.28,0.33,0.5419246144344311,2,0.503968253968254,0.4
ajenti,3MONTHS,237,1388499144,398,25,50.0,28.0,$ld$ns$entropy$la$ndev$nf$fix$Buggy,LR,CFS,0.0,0.06,0.0,0.7081971546656645,1,0.4722222222222222,0.32
ajenti,3MONTHS,237,1388499144,398,25,50.0,28.0,$ld$ns$entropy$la$ndev$nf$fix$Buggy,RF,CFS,0.0,0.11,0.0,0.7114582486036498,2,0.4444444444444444,0.36
ajenti,3MONTHS,237,1388499144,398,25,50.0,28.0,$ld$ns$entropy$la$ndev$nf$fix$Buggy,NB,CFS,0.14,0.22,0.17,0.626129616613207,2,0.4603174603174603,0.4
ajenti,3MONTHS,237,1388499144,398,25,50.0,28.0,$ld$ns$entropy$la$ndev$nf$fix$Buggy,SVM,CFS,0.14,0.06,0.17,0.6073632756860209,1,0.5436507936507936,0.28
ajenti,6MONTHS,533,1388499144,862,25,50.0,28.0,$ld$entropy$ns$la$fix$ndev$nf$Buggy,KNN,CFS,0.14,0.11,0.17,0.611162644704078,2,0.5158730158730158,0.32
ajenti,6MONTHS,533,1388499144,862,25,50.0,28.0,$ld$entropy$ns$la$fix$ndev$nf$Buggy,DT,CFS,0.0,0.28,0.0,0.7338802674234948,5,0.3611111111111111,0.48
ajenti,6MONTHS,533,1388499144,862,25,50.0,28.0,$ld$entropy$ns$la$fix$ndev$nf$Buggy,LR,CFS,0.0,0.06,0.0,0.7081971546656645,1,0.4722222222222222,0.32
ajenti,6MONTHS,533,1388499144,862,25,50.0,28.0,$ld$entropy$ns$la$fix$ndev$nf$Buggy,RF,CFS,0.0,0.11,0.0,0.7114582486036498,2,0.4444444444444444,0.36
ajenti,6MONTHS,533,1388499144,862,25,50.0,28.0,$ld$entropy$ns$la$fix$ndev$nf$Buggy,NB,CFS,0.14,0.17,0.17,0.6174429752328543,2,0.4880952380952381,0.36
ajenti,6MONTHS,533,1388499144,862,25,50.0,28.0,$ld$entropy$ns$la$fix$ndev$nf$Buggy,SVM,CFS,0.0,0.06,0.0,0.7081971546656645,1,0.4722222222222222,0.32
ajenti,ALL,1584,1394198882,2222,58,50.0,18.96551724137931,$la$entropy$ld$ns$age$exp$lt$Buggy,KNN,CFS,0.36,0.09,0.41,0.4539833554821539,0,0.6392649903288202,0.1896551724137931
ajenti,ALL,1584,1394198882,2222,58,50.0,18.96551724137931,$la$entropy$ld$ns$age$exp$lt$Buggy,DT,CFS,0.73,0.36,0.71,0.3203190553516285,2,0.6827852998065765,0.3448275862068966
ajenti,ALL,1584,1394198882,2222,58,50.0,18.96551724137931,$la$entropy$ld$ns$age$exp$lt$Buggy,LR,CFS,0.55,0.38,0.56,0.4202881587841174,2,0.5812379110251451,0.3965517241379311
ajenti,ALL,1584,1394198882,2222,58,50.0,18.96551724137931,$la$entropy$ld$ns$age$exp$lt$Buggy,RF,CFS,0.45,0.15,0.5,0.3998141092774683,0,0.6528046421663444,0.2241379310344828
ajenti,ALL,1584,1394198882,2222,58,50.0,18.96551724137931,$la$entropy$ld$ns$age$exp$lt$Buggy,NB,CFS,0.73,0.43,0.69,0.3573916450354461,3,0.6508704061895552,0.3965517241379311
ajenti,ALL,1584,1394198882,2222,58,50.0,18.96551724137931,$la$entropy$ld$ns$age$exp$lt$Buggy,SVM,CFS,0.27,0.17,0.31,0.5281562295048668,4,0.5512572533849129,0.27586206896551724
ajenti,3MONTHS,181,1394198882,302,58,50.0,18.96551724137931,$ld$ns$entropy$la$nf$ndev$age$Buggy,KNN,CFS,0.36,0.04,0.41,0.4509819573951272,0,0.660541586073501,0.15517241379310345
ajenti,3MONTHS,181,1394198882,302,58,50.0,18.96551724137931,$ld$ns$entropy$la$nf$ndev$age$Buggy,DT,CFS,0.55,0.21,0.59,0.35488091164233604,1,0.6663442940038684,0.25862068965517243
ajenti,3MONTHS,181,1394198882,302,58,50.0,18.96551724137931,$ld$ns$entropy$la$nf$ndev$age$Buggy,LR,CFS,0.64,0.15,0.67,0.2778609254252239,0,0.7437137330754352,0.1896551724137931
ajenti,3MONTHS,181,1394198882,302,58,50.0,18.96551724137931,$ld$ns$entropy$la$nf$ndev$age$Buggy,RF,CFS,0.18,0.04,0.21,0.579323856624788,1,0.5696324951644101,0.1896551724137931
ajenti,3MONTHS,181,1394198882,302,58,50.0,18.96551724137931,$ld$ns$entropy$la$nf$ndev$age$Buggy,NB,CFS,0.73,0.51,0.66,0.4093480405127263,7,0.6083172147001934,0.4655172413793103
ajenti,3MONTHS,181,1394198882,302,58,50.0,18.96551724137931,$ld$ns$entropy$la$nf$ndev$age$Buggy,SVM,CFS,0.18,0.02,0.22,0.5787374971132371,1,0.5802707930367506,0.1724137931034483
ajenti,6MONTHS,440,1394198882,724,58,50.0,18.96551724137931,$entropy$la$fix$ld$nf$ns$Buggy,KNN,CFS,0.18,0.17,0.21,0.5909288761340871,5,0.5058027079303675,0.29310344827586204
ajenti,6MONTHS,440,1394198882,724,58,50.0,18.96551724137931,$entropy$la$fix$ld$nf$ns$Buggy,DT,CFS,0.36,0.17,0.41,0.4657955900289498,2,0.5967117988394585,0.25862068965517243
ajenti,6MONTHS,440,1394198882,724,58,50.0,18.96551724137931,$entropy$la$fix$ld$nf$ns$Buggy,LR,CFS,0.55,0.17,0.59,0.3432083594136501,0,0.6876208897485493,0.2241379310344828
ajenti,6MONTHS,440,1394198882,724,58,50.0,18.96551724137931,$entropy$la$fix$ld$nf$ns$Buggy,RF,CFS,0.27,0.09,0.31,0.5177686337827118,4,0.5938104448742747,0.20689655172413796
ajenti,6MONTHS,440,1394198882,724,58,50.0,18.96551724137931,$entropy$la$fix$ld$nf$ns$Buggy,NB,CFS,0.64,0.36,0.64,0.3626705351363279,3,0.6373307543520309,0.3620689655172414
ajenti,6MONTHS,440,1394198882,724,58,50.0,18.96551724137931,$entropy$la$fix$ld$nf$ns$Buggy,SVM,CFS,0.18,0.09,0.21,0.5816633837654845,2,0.5483558994197292,0.2241379310344828
ajenti,ALL,1642,1395958466,2316,74,50.0,9.459459459459461,$la$entropy$ld$ns$age$exp$ndev$Buggy,KNN,CFS,0.43,0.06,0.48,0.4062603109190466,4,0.6844349680170576,0.10810810810810813
ajenti,ALL,1642,1395958466,2316,74,50.0,9.459459459459461,$la$entropy$ld$ns$age$exp$ndev$Buggy,DT,CFS,0.86,0.25,0.84,0.2058977389747118,3,0.8017057569296374,0.2432432432432433
ajenti,ALL,1642,1395958466,2316,74,50.0,9.459459459459461,$la$entropy$ld$ns$age$exp$ndev$Buggy,LR,CFS,0.71,0.3,0.71,0.29218090144702885,0,0.7078891257995736,0.2972972972972973
ajenti,ALL,1642,1395958466,2316,74,50.0,9.459459459459461,$la$entropy$ld$ns$age$exp$ndev$Buggy,RF,CFS,0.43,0.12,0.48,0.4127878905016651,5,0.6545842217484008,0.16216216216216214
ajenti,ALL,1642,1395958466,2316,74,50.0,9.459459459459461,$la$entropy$ld$ns$age$exp$ndev$Buggy,NB,CFS,1.0,0.58,0.78,0.4115994696459008,6,0.7089552238805971,0.527027027027027
ajenti,ALL,1642,1395958466,2316,74,50.0,9.459459459459461,$la$entropy$ld$ns$age$exp$ndev$Buggy,SVM,CFS,0.57,0.09,0.62,0.3095909178762489,0,0.7409381663113006,0.12162162162162166
ajenti,3MONTHS,186,1395958466,312,74,50.0,9.459459459459461,$entropy$ld$nf$fix$la$ns$ndev$exp$age$Buggy,KNN,CFS,0.29,0.09,0.34,0.5090302963025947,2,0.5980810234541577,0.14864864864864866
ajenti,3MONTHS,186,1395958466,312,74,50.0,9.459459459459461,$entropy$ld$nf$fix$la$ns$ndev$exp$age$Buggy,DT,CFS,0.71,0.28,0.71,0.28465018406461506,7,0.7153518123667378,0.28378378378378377
ajenti,3MONTHS,186,1395958466,312,74,50.0,9.459459459459461,$entropy$ld$nf$fix$la$ns$ndev$exp$age$Buggy,LR,CFS,0.86,0.13,0.86,0.13865834104809474,1,0.8614072494669509,0.13513513513513514
ajenti,3MONTHS,186,1395958466,312,74,50.0,9.459459459459461,$entropy$ld$nf$fix$la$ns$ndev$exp$age$Buggy,RF,CFS,0.43,0.07,0.48,0.40749219705711615,3,0.6769722814498934,0.12162162162162166
ajenti,3MONTHS,186,1395958466,312,74,50.0,9.459459459459461,$entropy$ld$nf$fix$la$ns$ndev$exp$age$Buggy,NB,CFS,0.86,0.51,0.75,0.3727777766466706,6,0.6748400852878464,0.472972972972973
ajenti,3MONTHS,186,1395958466,312,74,50.0,9.459459459459461,$entropy$ld$nf$fix$la$ns$ndev$exp$age$Buggy,SVM,CFS,0.29,0.03,0.34,0.5055171355579594,0,0.6279317697228145,0.0945945945945946
ajenti,6MONTHS,411,1395958466,682,74,50.0,9.459459459459461,$ld$ns$entropy$la$ndev$fix$Buggy,KNN,CFS,0.29,0.07,0.34,0.5078253886488082,3,0.6055437100213219,0.13513513513513514
ajenti,6MONTHS,411,1395958466,682,74,50.0,9.459459459459461,$ld$ns$entropy$la$ndev$fix$Buggy,DT,CFS,0.29,0.18,0.33,0.5207122504480277,6,0.5533049040511726,0.2297297297297297
ajenti,6MONTHS,411,1395958466,682,74,50.0,9.459459459459461,$ld$ns$entropy$la$ndev$fix$Buggy,LR,CFS,0.57,0.18,0.61,0.3284447314910084,2,0.6961620469083155,0.20270270270270271
ajenti,6MONTHS,411,1395958466,682,74,50.0,9.459459459459461,$ld$ns$entropy$la$ndev$fix$Buggy,RF,CFS,0.14,0.07,0.17,0.6083843549233469,3,0.5341151385927505,0.14864864864864866
ajenti,6MONTHS,411,1395958466,682,74,50.0,9.459459459459461,$ld$ns$entropy$la$ndev$fix$Buggy,NB,CFS,1.0,0.64,0.74,0.4538147998659932,7,0.6791044776119404,0.581081081081081
ajenti,6MONTHS,411,1395958466,682,74,50.0,9.459459459459461,$ld$ns$entropy$la$ndev$fix$Buggy,SVM,CFS,0.29,0.09,0.34,0.5090302963025947,4,0.5980810234541577,0.14864864864864866
ajenti,RECENT_RELEASE,1394198882,1395958466,94,74,50.0,9.459459459459461,$entropy$la$ns$exp$ndev$ld$Buggy,KNN,CFS,0.29,0.06,0.34,0.5068374245474756,2,0.6130063965884861,0.12162162162162166
ajenti,RECENT_RELEASE,1394198882,1395958466,94,74,50.0,9.459459459459461,$entropy$la$ns$exp$ndev$ld$Buggy,DT,CFS,0.57,0.33,0.59,0.38176732624468895,4,0.6215351812366737,0.33783783783783783
ajenti,RECENT_RELEASE,1394198882,1395958466,94,74,50.0,9.459459459459461,$entropy$la$ns$exp$ndev$ld$Buggy,LR,CFS,0.57,0.1,0.62,0.3119206956780062,1,0.7334754797441364,0.13513513513513514
ajenti,RECENT_RELEASE,1394198882,1395958466,94,74,50.0,9.459459459459461,$entropy$la$ns$exp$ndev$ld$Buggy,RF,CFS,0.29,0.07,0.34,0.5078253886488082,1,0.6055437100213219,0.13513513513513514
ajenti,RECENT_RELEASE,1394198882,1395958466,94,74,50.0,9.459459459459461,$entropy$la$ns$exp$ndev$ld$Buggy,NB,CFS,0.86,0.73,0.6,0.5269113595786007,8,0.5628997867803838,0.6756756756756757
ajenti,RECENT_RELEASE,1394198882,1395958466,94,74,50.0,9.459459459459461,$entropy$la$ns$exp$ndev$ld$Buggy,SVM,CFS,0.29,0.06,0.34,0.5068374245474756,2,0.6130063965884861,0.12162162162162166
ajenti,ALL,1749,1398006198,2508,67,50.0,19.402985074626862,$la$entropy$ld$ns$age$exp$ndev$Buggy,KNN,CFS,0.46,0.13,0.51,0.39162780115837137,2,0.6659544159544161,0.20895522388059698
ajenti,ALL,1749,1398006198,2508,67,50.0,19.402985074626862,$la$entropy$ld$ns$age$exp$ndev$Buggy,DT,CFS,0.23,0.33,0.26,0.592801437010097,7,0.4487179487179488,0.41791044776119396
ajenti,ALL,1749,1398006198,2508,67,50.0,19.402985074626862,$la$entropy$ld$ns$age$exp$ndev$Buggy,LR,CFS,0.31,0.2,0.35,0.5102867525867238,3,0.551994301994302,0.29850746268656714
ajenti,ALL,1749,1398006198,2508,67,50.0,19.402985074626862,$la$entropy$ld$ns$age$exp$ndev$Buggy,RF,CFS,0.23,0.17,0.27,0.5565490787473907,2,0.5320512820512822,0.2835820895522388
ajenti,ALL,1749,1398006198,2508,67,50.0,19.402985074626862,$la$entropy$ld$ns$age$exp$ndev$Buggy,NB,CFS,0.62,0.67,0.53,0.5442303917125928,6,0.4743589743589744,0.6119402985074627
ajenti,ALL,1749,1398006198,2508,67,50.0,19.402985074626862,$la$entropy$ld$ns$age$exp$ndev$Buggy,SVM,CFS,0.15,0.07,0.18,0.6006093987821362,0,0.5398860398860399,0.22388059701492535
ajenti,3MONTHS,234,1398006198,404,67,50.0,19.402985074626862,$ld$entropy$ns$la$ndev$exp$fix$sexp$Buggy,KNN,CFS,0.31,0.04,0.36,0.4902354959307236,0,0.6353276353276354,0.16417910447761194
ajenti,3MONTHS,234,1398006198,404,67,50.0,19.402985074626862,$ld$entropy$ns$la$ndev$exp$fix$sexp$Buggy,DT,CFS,0.31,0.17,0.35,0.5035214586321918,0,0.5705128205128206,0.26865671641791045
ajenti,3MONTHS,234,1398006198,404,67,50.0,19.402985074626862,$ld$entropy$ns$la$ndev$exp$fix$sexp$Buggy,LR,CFS,0.23,0.13,0.27,0.5515975966269595,2,0.5505698005698005,0.2537313432835821
ajenti,3MONTHS,234,1398006198,404,67,50.0,19.402985074626862,$ld$entropy$ns$la$ndev$exp$fix$sexp$Buggy,RF,CFS,0.54,0.26,0.57,0.3743214627769491,1,0.6396011396011395,0.29850746268656714
ajenti,3MONTHS,234,1398006198,404,67,50.0,19.402985074626862,$ld$entropy$ns$la$ndev$exp$fix$sexp$Buggy,NB,CFS,0.85,0.72,0.6,0.5221463287838283,4,0.561965811965812,0.6119402985074627
ajenti,3MONTHS,234,1398006198,404,67,50.0,19.402985074626862,$ld$entropy$ns$la$ndev$exp$fix$sexp$Buggy,SVM,CFS,0.15,0.09,0.18,0.6018927311257233,0,0.5306267806267807,0.2388059701492537
ajenti,6MONTHS,486,1398006198,820,67,50.0,19.402985074626862,$ld$entropy$ns$la$ndev$age$nf$exp$Buggy,KNN,CFS,0.23,0.06,0.27,0.5453450266044639,0,0.5876068376068376,0.19402985074626866
ajenti,6MONTHS,486,1398006198,820,67,50.0,19.402985074626862,$ld$entropy$ns$la$ndev$age$nf$exp$Buggy,DT,CFS,0.23,0.11,0.27,0.5495733141918858,1,0.5598290598290598,0.2388059701492537
ajenti,6MONTHS,486,1398006198,820,67,50.0,19.402985074626862,$ld$entropy$ns$la$ndev$age$nf$exp$Buggy,LR,CFS,0.31,0.13,0.36,0.4980430612438633,2,0.589031339031339,0.2388059701492537
ajenti,6MONTHS,486,1398006198,820,67,50.0,19.402985074626862,$ld$entropy$ns$la$ndev$age$nf$exp$Buggy,RF,CFS,0.31,0.04,0.36,0.4902354959307236,0,0.6353276353276354,0.16417910447761194
ajenti,6MONTHS,486,1398006198,820,67,50.0,19.402985074626862,$ld$entropy$ns$la$ndev$age$nf$exp$Buggy,NB,CFS,0.85,0.74,0.58,0.5349605051059356,5,0.5527065527065527,0.6268656716417911
ajenti,6MONTHS,486,1398006198,820,67,50.0,19.402985074626862,$ld$entropy$ns$la$ndev$age$nf$exp$Buggy,SVM,CFS,0.15,0.07,0.18,0.6006093987821362,0,0.5398860398860399,0.22388059701492535
ajenti,ALL,1816,1406240002,2616,179,50.0,17.877094972067038,$la$entropy$ld$ns$age$exp$ndev$Buggy,KNN,CFS,0.5,0.14,0.55,0.36770107646382144,2,0.6785714285714286,0.20670391061452514
ajenti,ALL,1816,1406240002,2616,179,50.0,17.877094972067038,$la$entropy$ld$ns$age$exp$ndev$Buggy,DT,CFS,0.25,0.22,0.29,0.5535773064674302,3,0.5127551020408163,0.3184357541899441
ajenti,ALL,1816,1406240002,2616,179,50.0,17.877094972067038,$la$entropy$ld$ns$age$exp$ndev$Buggy,LR,CFS,0.41,0.39,0.44,0.5014444543808835,2,0.5092474489795918,0.4245810055865922
ajenti,ALL,1816,1406240002,2616,179,50.0,17.877094972067038,$la$entropy$ld$ns$age$exp$ndev$Buggy,RF,CFS,0.12,0.24,0.14,0.6412153859677838,19,0.4434523809523809,0.35195530726256985
ajenti,ALL,1816,1406240002,2616,179,50.0,17.877094972067038,$la$entropy$ld$ns$age$exp$ndev$Buggy,NB,CFS,0.78,0.57,0.67,0.4326558532742264,7,0.6049107142857143,0.5083798882681564
ajenti,ALL,1816,1406240002,2616,179,50.0,17.877094972067038,$la$entropy$ld$ns$age$exp$ndev$Buggy,SVM,CFS,0.34,0.18,0.39,0.4805971931378508,2,0.5834396258503401,0.26256983240223464
ajenti,3MONTHS,249,1406240002,428,179,50.0,17.877094972067038,$entropy$la$ndev$ns$ld$fix$nf$Buggy,KNN,CFS,0.41,0.06,0.46,0.4220707882872081,0,0.6725127551020408,0.1564245810055866
ajenti,3MONTHS,249,1406240002,428,179,50.0,17.877094972067038,$entropy$la$ndev$ns$ld$fix$nf$Buggy,DT,CFS,0.25,0.07,0.29,0.5325071367694072,1,0.5909863945578231,0.18994413407821228
ajenti,3MONTHS,249,1406240002,428,179,50.0,17.877094972067038,$entropy$la$ndev$ns$ld$fix$nf$Buggy,LR,CFS,0.22,0.05,0.26,0.5537658762551421,0,0.5821641156462585,0.1843575418994413
ajenti,3MONTHS,249,1406240002,428,179,50.0,17.877094972067038,$entropy$la$ndev$ns$ld$fix$nf$Buggy,RF,CFS,0.22,0.04,0.26,0.5531805921267726,0,0.5889668367346939,0.17318435754189945
ajenti,3MONTHS,249,1406240002,428,179,50.0,17.877094972067038,$entropy$la$ndev$ns$ld$fix$nf$Buggy,NB,CFS,0.84,0.47,0.75,0.34981346968043797,5,0.6871811224489796,0.4134078212290503
ajenti,3MONTHS,249,1406240002,428,179,50.0,17.877094972067038,$entropy$la$ndev$ns$ld$fix$nf$Buggy,SVM,CFS,0.19,0.09,0.23,0.5779174099302556,1,0.5495323129251701,0.21787709497206706
ajenti,6MONTHS,458,1406240002,768,179,50.0,17.877094972067038,$ld$entropy$fix$la$ns$ndev$nf$age$Buggy,KNN,CFS,0.38,0.1,0.43,0.4477931041209683,1,0.6364795918367346,0.19553072625698326
ajenti,6MONTHS,458,1406240002,768,179,50.0,17.877094972067038,$ld$entropy$fix$la$ns$ndev$nf$age$Buggy,DT,CFS,0.44,0.21,0.48,0.42478139121963004,6,0.6133078231292517,0.2737430167597765
ajenti,6MONTHS,458,1406240002,768,179,50.0,17.877094972067038,$ld$entropy$fix$la$ns$ndev$nf$age$Buggy,LR,CFS,0.28,0.14,0.32,0.5181745486635301,1,0.5691964285714286,0.24581005586592175
ajenti,6MONTHS,458,1406240002,768,179,50.0,17.877094972067038,$ld$entropy$fix$la$ns$ndev$nf$age$Buggy,RF,CFS,0.16,0.05,0.19,0.5978611006785985,0,0.5509141156462586,0.19553072625698326
ajenti,6MONTHS,458,1406240002,768,179,50.0,17.877094972067038,$ld$entropy$fix$la$ns$ndev$nf$age$Buggy,NB,CFS,0.66,0.62,0.58,0.5006915303600242,6,0.5186011904761905,0.5698324022346368
ajenti,6MONTHS,458,1406240002,768,179,50.0,17.877094972067038,$ld$entropy$fix$la$ns$ndev$nf$age$Buggy,SVM,CFS,0.19,0.07,0.23,0.5765344531858891,0,0.5597363945578231,0.2011173184357542
ajenti,RECENT_RELEASE,1398006198,1406240002,108,179,50.0,17.877094972067038,$la$nf$ns$ld$fix$entropy$ndev$age$nuc$Buggy,KNN,CFS,0.38,0.14,0.43,0.4522918337107234,1,0.6194727891156462,0.223463687150838
ajenti,RECENT_RELEASE,1398006198,1406240002,108,179,50.0,17.877094972067038,$la$nf$ns$ld$fix$entropy$ndev$age$nuc$Buggy,DT,CFS,0.56,0.15,0.6,0.3269589613974581,2,0.7064200680272109,0.2011173184357542
ajenti,RECENT_RELEASE,1398006198,1406240002,108,179,50.0,17.877094972067038,$la$nf$ns$ld$fix$entropy$ndev$age$nuc$Buggy,LR,CFS,0.41,0.17,0.46,0.4367277163058249,4,0.6180909863945578,0.24581005586592175
ajenti,RECENT_RELEASE,1398006198,1406240002,108,179,50.0,17.877094972067038,$la$nf$ns$ld$fix$entropy$ndev$age$nuc$Buggy,RF,CFS,0.34,0.14,0.39,0.4739065668371865,0,0.6038477891156463,0.2290502793296089
ajenti,RECENT_RELEASE,1398006198,1406240002,108,179,50.0,17.877094972067038,$la$nf$ns$ld$fix$entropy$ndev$age$nuc$Buggy,NB,CFS,0.78,0.58,0.67,0.4371515699079029,5,0.6015093537414966,0.5139664804469274
ajenti,RECENT_RELEASE,1398006198,1406240002,108,179,50.0,17.877094972067038,$la$nf$ns$ld$fix$entropy$ndev$age$nuc$Buggy,SVM,CFS,0.31,0.16,0.35,0.4996557866087698,2,0.5746173469387755,0.2569832402234637
ajenti,ALL,1995,1504640040,2910,203,50.0,7.389162561576356,$la$entropy$ld$ns$age$ndev$exp$lt$Buggy,KNN,CFS,0.2,0.12,0.24,0.5722618193271897,3,0.5388297872340425,0.1724137931034483
ajenti,ALL,1995,1504640040,2910,203,50.0,7.389162561576356,$la$entropy$ld$ns$age$ndev$exp$lt$Buggy,DT,CFS,0.47,0.23,0.51,0.4103406146718763,0,0.6189716312056738,0.2512315270935961
ajenti,ALL,1995,1504640040,2910,203,50.0,7.389162561576356,$la$entropy$ld$ns$age$ndev$exp$lt$Buggy,LR,CFS,0.27,0.37,0.3,0.5798630852415715,4,0.44982269503546096,0.3940886699507389
ajenti,ALL,1995,1504640040,2910,203,50.0,7.389162561576356,$la$entropy$ld$ns$age$ndev$exp$lt$Buggy,RF,CFS,0.27,0.31,0.31,0.5625640371196591,3,0.4790780141843971,0.3399014778325123
ajenti,ALL,1995,1504640040,2910,203,50.0,7.389162561576356,$la$entropy$ld$ns$age$ndev$exp$lt$Buggy,NB,CFS,0.6,0.41,0.6,0.40481554126984665,0,0.5952127659574469,0.4088669950738916
ajenti,ALL,1995,1504640040,2910,203,50.0,7.389162561576356,$la$entropy$ld$ns$age$ndev$exp$lt$Buggy,SVM,CFS,0.07,0.11,0.09,0.6642395837622053,6,0.4801418439716312,0.16748768472906406
ajenti,6MONTHS,428,1504640040,722,203,50.0,7.389162561576356,$entropy$la$ndev$ns$ld$age$nf$Buggy,KNN,CFS,0.2,0.09,0.24,0.5692876148407285,4,0.5547872340425531,0.14285714285714285
ajenti,6MONTHS,428,1504640040,722,203,50.0,7.389162561576356,$entropy$la$ndev$ns$ld$age$nf$Buggy,DT,CFS,0.2,0.11,0.24,0.5711730759251856,1,0.5441489361702128,0.1625615763546798
ajenti,6MONTHS,428,1504640040,722,203,50.0,7.389162561576356,$entropy$la$ndev$ns$ld$age$nf$Buggy,LR,CFS,0.13,0.09,0.16,0.6161525330359369,6,0.5214539007092198,0.1477832512315271
ajenti,6MONTHS,428,1504640040,722,203,50.0,7.389162561576356,$entropy$la$ndev$ns$ld$age$nf$Buggy,RF,CFS,0.33,0.04,0.38,0.4723638526339493,0,0.6453900709219859,0.08866995073891626
ajenti,6MONTHS,428,1504640040,722,203,50.0,7.389162561576356,$entropy$la$ndev$ns$ld$age$nf$Buggy,NB,CFS,0.87,0.58,0.72,0.4206726842430419,0,0.6434397163120568,0.5467980295566502
ajenti,6MONTHS,428,1504640040,722,203,50.0,7.389162561576356,$entropy$la$ndev$ns$ld$age$nf$Buggy,SVM,CFS,0.13,0.05,0.16,0.6137600801978446,2,0.5427304964539007,0.1083743842364532
ajenti,RECENT_RELEASE,1406240002,1504640040,294,203,50.0,7.389162561576356,$entropy$ld$ndev$la$ns$age$fix$nf$Buggy,KNN,CFS,0.13,0.1,0.16,0.6165541967347166,9,0.5187943262411348,0.15270935960591134
ajenti,RECENT_RELEASE,1406240002,1504640040,294,203,50.0,7.389162561576356,$entropy$ld$ndev$la$ns$age$fix$nf$Buggy,DT,CFS,0.2,0.11,0.24,0.5711730759251856,4,0.5441489361702128,0.1625615763546798
ajenti,RECENT_RELEASE,1406240002,1504640040,294,203,50.0,7.389162561576356,$entropy$ld$ndev$la$ns$age$fix$nf$Buggy,LR,CFS,0.2,0.09,0.24,0.568877445687435,3,0.5574468085106383,0.13793103448275862
ajenti,RECENT_RELEASE,1406240002,1504640040,294,203,50.0,7.389162561576356,$entropy$ld$ndev$la$ns$age$fix$nf$Buggy,RF,CFS,0.27,0.05,0.32,0.5199072572672427,2,0.6067375886524823,0.10344827586206896
ajenti,RECENT_RELEASE,1406240002,1504640040,294,203,50.0,7.389162561576356,$entropy$ld$ndev$la$ns$age$fix$nf$Buggy,NB,CFS,0.93,0.62,0.72,0.4388392075785201,0,0.6581560283687944,0.5763546798029556
ajenti,RECENT_RELEASE,1406240002,1504640040,294,203,50.0,7.389162561576356,$entropy$ld$ndev$la$ns$age$fix$nf$Buggy,SVM,CFS,0.0,0.04,0.0,0.7075967686206789,7,0.4813829787234042,0.1083743842364532
